,PH-121,HS-101,CY-105,HS-105/12,MT-111,CS-105,CS-106,EL-102,EE-119,ME-107,CS-107,HS-205/20,MT-222,EE-222,MT-224,CS-210,CS-211,CS-203,CS-214,EE-217,CS-212,CS-215,MT-331,EF-303,HS-304,CS-301,CS-302,TC-383,EL-332,CS-318,CS-306,CS-312,CS-317,CGPA
0,2.7,1.4,1.7,2.0,1.7,1.4,1.0,1.7,2.7,1.7,1.7,3.4,1.0,3.7,2.7,2.4,1.4,1.4,1.0,4.0,1.0,1.7,2.0,1.7,2.4,3.0,2.0,2.4,2.0,1.7,2.0,1.7,1.7,2.205
1,4.0,1.0,1.4,1.0,2.7,2.0,1.0,4.0,1.4,1.0,3.4,2.4,2.7,1.7,1.4,1.4,1.0,2.0,1.0,2.7,2.0,1.0,1.4,1.0,1.7,3.7,1.4,1.7,2.0,3.7,1.0,1.4,1.0,2.008
2,4.0,3.0,4.0,2.7,3.4,4.0,2.7,3.4,3.7,3.7,2.7,3.7,4.0,4.0,4.0,4.0,4.0,4.0,3.7,4.0,3.7,4.0,4.0,2.4,4.0,3.4,3.7,3.0,3.4,3.7,3.7,3.0,3.0,3.608
3,1.0,2.4,1.4,1.0,1.0,3.7,1.4,1.7,1.0,2.4,1.0,3.0,1.4,2.7,1.0,2.0,3.4,2.4,1.0,1.4,1.0,1.0,1.4,1.0,2.7,1.0,2.7,1.4,1.4,3.4,1.7,1.4,2.0,1.906
4,3.7,3.7,3.7,3.4,4.0,4.0,3.7,3.4,4.0,3.7,2.0,4.0,4.0,3.7,3.7,3.7,2.7,4.0,3.7,4.0,3.7,3.7,2.4,1.7,3.7,2.7,3.7,2.4,3.7,2.7,3.7,2.7,3.4,3.448
5,4.0,2.7,3.0,1.4,2.4,3.7,2.4,3.0,3.4,3.4,1.7,3.7,2.7,3.4,3.7,3.4,3.0,3.7,3.0,3.7,3.7,2.4,3.4,1.7,3.7,2.7,2.4,3.0,3.7,2.7,3.4,2.0,2.7,3.026
6,2.7,1.7,3.7,1.0,3.7,3.0,4.0,3.4,3.7,3.4,3.7,4.0,2.0,2.4,1.7,2.7,2.7,3.4,2.0,4.0,2.4,1.7,2.4,2.4,3.4,3.4,3.0,1.7,3.7,2.0,2.4,2.7,2.0,2.957
7,3.4,3.4,2.4,2.0,2.0,3.7,1.7,3.7,3.0,3.7,3.4,4.0,3.4,3.4,2.0,3.7,3.4,3.7,2.0,3.7,2.4,2.0,2.0,2.4,3.7,1.4,3.7,2.0,3.0,3.0,3.4,1.4,3.4,3.043
8,3.7,2.0,3.7,1.4,3.0,3.7,3.7,3.7,3.4,3.7,3.7,4.0,4.0,3.7,2.7,3.7,3.7,4.0,2.7,4.0,2.4,2.4,3.7,1.7,3.4,3.0,3.0,3.4,3.7,3.4,3.7,3.4,3.0,3.358
9,4.0,3.0,2.4,3.0,3.0,3.7,2.0,2.7,3.7,4.0,2.4,3.7,2.7,4.0,3.7,4.0,2.7,4.0,2.7,3.7,2.7,3.7,3.0,3.4,3.7,2.7,2.7,2.4,3.4,2.7,3.7,2.4,2.7,3.247
10,3.7,2.7,3.4,1.7,1.7,2.7,2.4,2.7,4.0,3.7,1.4,4.0,2.7,3.7,1.0,3.4,2.7,3.0,2.4,3.7,1.4,2.0,3.4,2.0,3.7,2.0,3.0,1.4,2.0,3.7,3.4,2.0,2.7,2.681
11,3.7,2.0,3.7,2.4,1.7,4.0,2.7,3.4,3.7,3.7,3.7,4.0,3.4,3.7,3.7,4.0,3.7,4.0,4.0,4.0,3.7,3.7,2.7,2.4,3.7,2.4,2.7,3.0,4.0,2.7,3.7,3.7,2.7,3.281
12,3.0,2.0,3.7,2.0,2.7,3.0,1.4,2.0,3.4,3.7,3.7,2.7,3.4,3.4,3.7,2.4,1.7,3.0,1.7,2.7,1.4,1.0,3.4,1.4,3.7,3.7,2.7,2.0,2.7,3.0,2.4,1.7,2.0,2.792
13,4.0,1.7,3.7,1.7,3.0,3.7,2.4,3.7,3.7,3.7,1.7,4.0,3.4,4.0,3.7,3.7,3.0,3.7,2.4,4.0,3.4,3.4,4.0,3.7,3.7,3.7,3.7,3.4,4.0,3.7,3.7,3.0,3.7,3.523
14,4.0,2.0,3.7,2.4,3.7,4.0,2.7,3.7,3.7,4.0,2.0,3.7,2.7,3.7,4.0,3.4,2.7,3.7,2.7,4.0,3.7,3.4,3.0,1.4,3.7,3.7,3.7,2.4,4.0,3.7,3.7,2.4,3.7,3.443
15,3.7,1.7,2.7,1.0,2.7,3.4,2.7,3.7,3.0,3.7,2.0,3.0,3.7,2.7,2.7,2.7,2.4,3.7,2.4,4.0,1.0,2.7,2.0,2.7,3.7,1.7,3.7,1.7,2.0,2.0,2.7,3.0,2.0,2.777
16,3.7,1.7,4.0,1.4,3.7,4.0,3.0,3.7,3.7,4.0,3.0,3.7,3.7,4.0,4.0,3.7,3.7,4.0,3.4,4.0,3.0,3.4,4.0,2.7,3.4,2.0,3.7,2.7,3.7,2.4,2.7,2.0,2.7,3.248
17,2.7,1.7,2.0,1.0,1.0,2.4,1.4,3.0,3.4,1.4,1.0,3.4,1.0,2.7,1.0,1.4,2.4,3.4,2.0,2.0,1.4,1.0,1.4,2.0,1.7,1.0,1.0,1.0,1.4,1.0,1.0,1.0,1.4,1.787
18,4.0,1.7,4.0,2.4,3.7,4.0,3.7,4.0,4.0,4.0,3.0,3.7,4.0,3.7,3.7,3.7,3.4,4.0,3.7,3.7,3.0,3.7,3.7,1.7,2.7,4.0,3.7,3.4,3.7,3.7,3.7,2.7,3.7,3.572
19,3.4,2.0,3.7,1.7,3.7,3.4,3.7,3.7,4.0,4.0,3.4,4.0,3.7,4.0,3.7,3.7,3.7,4.0,3.4,3.7,3.4,4.0,3.7,1.7,3.0,3.7,3.4,3.0,4.0,3.0,2.7,2.0,3.4,3.483
20,3.4,2.0,3.0,1.4,2.7,1.7,1.7,1.7,1.7,3.7,1.4,3.7,2.7,1.4,3.4,2.7,1.7,2.7,1.7,3.7,1.0,1.4,2.0,1.4,2.7,1.4,2.7,1.7,2.0,2.0,2.0,1.4,1.7,2.246
21,3.0,3.4,2.7,2.0,3.7,3.7,1.4,2.4,3.0,2.0,2.0,3.0,3.0,3.7,2.4,2.7,2.4,3.0,1.7,3.4,2.4,2.0,3.7,3.4,3.4,3.7,3.4,3.0,1.7,3.0,2.0,2.4,3.4,2.956
22,3.4,2.4,2.7,2.4,1.7,3.7,2.7,2.4,3.7,2.4,2.7,3.7,1.4,4.0,2.7,3.4,1.0,3.7,2.7,3.7,3.4,2.7,3.0,1.7,3.0,3.0,3.7,2.4,3.4,2.7,3.4,1.7,3.0,2.953
23,4.0,3.7,4.0,3.7,4.0,4.0,2.7,3.7,3.4,4.0,3.0,3.7,3.4,3.7,4.0,3.7,3.7,4.0,3.7,4.0,3.4,3.7,3.7,2.7,3.4,3.4,3.7,3.7,3.7,3.7,3.7,2.7,2.7,3.586
24,4.0,2.7,3.7,3.0,3.4,3.7,3.0,4.0,4.0,3.7,2.4,4.0,3.0,3.7,3.7,4.0,3.0,4.0,3.7,3.7,3.7,3.7,4.0,2.7,3.4,3.7,3.0,2.7,4.0,3.0,3.0,2.7,3.4,3.475
25,2.4,1.7,2.0,1.7,1.0,2.7,1.0,2.4,3.7,3.4,1.0,3.7,1.4,3.4,1.4,2.0,1.0,3.4,1.4,2.0,1.0,1.0,1.0,2.0,3.0,1.4,2.7,1.4,2.7,1.7,2.0,1.4,1.4,2.228
26,4.0,3.4,4.0,3.7,3.7,4.0,2.4,4.0,4.0,3.7,3.4,3.7,3.0,3.7,3.7,3.7,2.7,4.0,3.0,4.0,3.7,3.7,3.0,1.7,3.4,3.4,3.7,2.0,3.7,3.4,4.0,2.4,3.0,3.44
27,2.0,2.4,1.4,1.4,1.7,3.4,1.0,2.0,3.0,3.0,3.7,3.0,1.0,2.4,1.4,2.0,1.7,1.7,2.0,2.0,1.4,1.0,2.4,1.4,3.0,2.4,2.4,1.4,1.7,2.0,2.0,1.0,1.0,2.188
28,3.4,3.0,3.7,3.4,2.7,4.0,3.0,1.4,3.7,3.7,1.7,4.0,4.0,3.4,3.0,3.4,2.7,4.0,2.7,3.7,2.4,3.7,3.0,1.7,3.7,3.7,3.7,2.4,3.7,2.7,3.4,2.4,3.4,3.195
29,2.0,2.7,2.0,1.4,3.0,3.0,2.4,2.4,2.4,3.0,1.0,3.7,1.4,2.4,2.7,2.7,2.0,2.7,2.0,2.7,1.0,1.7,1.7,1.7,2.7,1.4,2.7,1.7,2.4,2.4,1.7,1.4,2.0,2.294
30,3.7,3.0,4.0,3.4,2.7,3.7,3.4,4.0,3.7,4.0,3.0,3.7,2.7,3.7,3.7,4.0,3.7,4.0,4.0,4.0,3.4,3.4,3.7,2.4,3.7,3.0,3.0,2.7,3.7,3.7,3.0,2.0,3.7,3.443
31,4.0,2.4,3.7,2.4,3.4,3.7,2.7,3.4,3.7,3.7,3.0,3.0,3.4,4.0,3.7,4.0,2.4,3.7,3.7,3.0,2.7,3.7,2.7,1.4,3.0,2.7,3.7,1.7,2.7,3.0,2.4,2.0,2.4,3.133
32,3.0,2.4,4.0,1.4,3.7,4.0,3.7,4.0,3.7,3.7,2.7,3.7,3.7,3.7,3.7,3.7,3.7,4.0,3.0,4.0,2.7,3.7,3.4,1.4,2.7,3.0,3.0,2.4,3.7,3.0,3.0,2.4,3.0,3.22
33,4.0,2.4,3.7,3.0,3.7,3.4,1.7,3.4,3.7,2.7,1.7,4.0,3.0,3.7,3.7,3.7,2.4,3.7,3.0,4.0,2.7,3.4,3.0,2.0,3.7,2.0,3.0,2.0,3.7,2.7,3.0,1.4,2.7,3.112
34,3.4,2.7,3.7,4.0,2.4,3.7,1.0,3.7,3.7,2.4,1.7,4.0,2.0,4.0,3.0,3.7,3.0,3.7,1.7,4.0,3.0,2.0,2.7,3.7,3.7,3.0,3.7,1.7,3.4,2.7,3.7,2.0,3.4,3.16
35,3.0,2.4,2.7,1.4,3.4,3.7,2.7,3.4,3.7,3.7,3.4,3.7,3.0,3.7,1.4,3.7,3.0,4.0,1.7,4.0,2.7,2.4,3.0,2.0,3.7,2.4,3.0,1.7,3.7,2.7,3.0,1.7,2.0,3.019
36,3.4,3.4,3.7,2.7,3.4,3.7,2.4,3.4,3.7,3.0,1.7,4.0,2.4,3.7,3.7,3.7,2.0,3.7,3.0,3.7,2.7,3.7,3.4,2.0,3.4,2.0,3.4,2.7,3.4,2.7,3.7,2.4,2.4,3.164
37,3.0,2.0,3.7,2.7,3.4,4.0,4.0,3.7,3.7,3.7,3.7,3.7,1.4,4.0,3.7,3.7,3.0,4.0,3.0,3.4,3.4,2.7,3.7,2.7,3.4,2.7,3.4,2.4,3.7,3.4,3.7,3.0,3.0,3.332
38,1.7,1.7,1.0,1.0,2.4,2.4,1.7,1.0,2.0,2.0,1.7,3.7,2.4,3.0,2.7,3.0,2.4,3.7,1.7,3.0,1.4,1.7,1.7,1.7,1.7,2.7,2.7,1.4,2.0,1.4,1.4,2.4,1.4,2.165
39,3.7,3.7,3.4,3.4,3.7,4.0,3.4,4.0,4.0,3.7,4.0,3.4,2.7,4.0,3.7,4.0,3.7,4.0,3.7,3.7,4.0,4.0,3.7,4.0,3.7,4.0,4.0,4.0,3.7,4.0,3.7,3.7,3.0,3.7
40,3.7,2.7,2.7,2.0,3.7,4.0,4.0,2.7,3.7,2.7,2.7,4.0,2.0,3.7,3.4,3.0,2.7,3.0,2.0,3.4,2.0,2.4,2.0,1.7,3.7,2.4,3.0,2.4,3.7,2.7,3.0,2.7,3.4,3.033
41,3.0,2.0,2.4,2.0,1.4,3.7,1.4,2.7,3.0,3.4,3.4,3.7,2.7,3.4,3.7,3.4,1.7,2.4,2.7,3.7,1.4,2.7,3.0,2.0,2.7,1.4,3.0,2.0,2.4,2.0,2.7,1.4,2.0,2.696
42,3.4,2.0,3.0,2.0,2.7,3.7,1.0,3.7,3.7,2.7,3.7,3.7,2.7,3.7,3.4,2.7,1.4,3.4,1.7,3.7,1.7,1.7,2.4,1.4,3.0,3.7,3.0,1.7,3.7,4.0,2.7,1.7,1.7,2.851
43,1.7,3.4,2.0,3.4,2.4,3.7,3.4,2.7,4.0,4.0,2.4,3.7,1.0,3.4,1.0,3.7,1.7,3.4,2.4,1.4,3.0,2.7,3.4,2.7,3.7,2.7,3.7,2.4,3.0,3.4,3.7,3.4,3.4,3.058
44,1.0,2.0,0.0,0.0,0.0,1.7,0.0,0.0,1.4,0.0,0.0,0.0,0.0,0.0,0.0,0.0,0.0,0.0,0.0,0.0,0.0,0.0,0.0,0.0,0.0,0.0,0.0,0.0,0.0,0.0,0.0,0.0,0.0,1.493
45,3.0,2.7,2.7,1.4,1.7,2.0,1.0,3.0,3.7,3.0,2.0,3.4,1.7,2.7,1.4,1.4,3.0,1.0,1.0,1.7,3.7,3.0,1.4,1.0,2.0,1.4,1.7,1.4,1.0,1.0,1.0,3.0,1.4,2.069
46,3.7,1.7,2.4,1.7,1.0,2.4,1.4,1.4,3.4,2.4,1.7,3.7,1.0,3.7,1.0,1.0,1.0,2.0,1.4,1.4,1.0,1.0,3.7,2.4,2.4,2.4,1.0,2.4,1.0,1.0,1.0,1.0,1.4,1.996
47,3.7,3.4,3.7,3.7,4.0,4.0,4.0,4.0,4.0,2.7,4.0,4.0,4.0,4.0,4.0,4.0,4.0,4.0,4.0,4.0,4.0,4.0,4.0,4.0,3.7,4.0,3.7,4.0,4.0,4.0,3.7,4.0,4.0,3.897
48,4.0,3.7,4.0,3.7,4.0,4.0,4.0,4.0,4.0,4.0,4.0,4.0,3.7,4.0,3.7,4.0,4.0,4.0,3.4,4.0,3.7,4.0,4.0,4.0,4.0,3.7,3.7,4.0,4.0,4.0,4.0,3.7,2.7,3.848
49,3.7,3.7,4.0,3.7,3.7,4.0,3.7,4.0,4.0,3.7,3.0,4.0,3.7,4.0,3.7,3.4,3.4,4.0,3.7,4.0,2.4,4.0,4.0,2.7,3.7,1.7,3.0,3.7,4.0,3.4,3.7,2.4,2.4,3.404
50,2.4,1.0,2.0,1.0,1.4,3.0,3.7,1.7,2.0,2.7,2.4,3.0,1.0,2.4,1.4,2.0,1.0,2.4,1.7,1.0,1.4,1.7,2.4,1.4,2.0,2.0,2.0,3.0,2.0,2.0,2.4,2.7,1.7,2.254
51,1.7,3.0,2.7,2.7,3.0,3.4,1.0,2.7,3.4,1.0,3.0,3.7,1.7,3.4,1.7,2.7,1.7,3.4,2.0,3.0,2.0,2.4,3.0,1.7,3.0,2.0,2.7,2.4,2.7,2.4,2.4,1.4,2.7,2.655
52,2.7,2.4,3.0,2.4,3.7,2.4,4.0,2.4,3.0,2.4,2.4,3.7,4.0,3.4,3.7,3.7,3.0,3.7,3.0,3.4,2.7,3.4,3.7,3.0,3.7,3.0,3.4,1.7,3.7,2.7,3.0,2.4,2.7,3.106
53,2.7,2.7,2.0,2.7,1.7,3.7,2.4,2.7,3.7,3.7,4.0,3.0,2.4,3.4,3.0,2.7,3.4,4.0,3.0,3.7,2.4,2.7,2.4,1.7,2.7,3.4,2.7,1.0,2.4,2.7,1.7,1.4,1.7,2.793
54,3.7,2.4,4.0,1.7,4.0,3.4,2.7,4.0,3.7,4.0,1.4,3.7,3.7,3.7,3.0,2.7,1.7,3.0,2.0,4.0,2.0,3.0,3.0,2.0,2.7,1.7,3.4,2.4,3.7,2.7,2.7,1.7,2.4,3.023
55,3.4,2.4,3.0,1.7,4.0,3.4,3.4,2.0,3.7,4.0,3.7,3.7,3.7,3.7,3.7,3.7,1.7,3.0,2.4,3.7,3.4,3.7,3.0,1.4,3.4,2.4,2.7,2.4,3.7,2.7,2.0,1.4,2.0,3.01
56,4.0,3.0,3.7,3.4,4.0,3.7,2.4,3.7,3.7,3.0,2.0,3.7,4.0,4.0,4.0,3.7,4.0,4.0,3.7,4.0,3.7,4.0,4.0,1.7,3.4,2.7,3.0,3.4,4.0,2.4,3.7,3.0,2.4,3.4
57,1.4,1.7,1.7,1.0,1.0,2.7,2.4,2.4,1.0,1.0,1.7,1.0,1.7,2.0,1.0,1.4,1.4,3.7,2.0,1.4,1.0,1.4,3.7,1.7,1.0,3.7,1.7,1.7,1.7,1.0,1.0,2.0,1.4,1.899
58,3.4,3.0,2.4,3.7,3.7,3.7,1.7,3.0,3.7,3.4,2.7,4.0,4.0,3.7,3.0,3.0,3.7,4.0,2.7,3.7,3.0,3.0,3.4,1.7,3.7,2.0,3.0,2.4,2.7,3.0,3.4,2.7,3.7,3.168
59,3.7,2.7,2.0,1.4,1.7,3.4,1.7,2.7,3.7,4.0,1.0,3.7,1.0,3.7,2.7,2.7,2.7,2.7,1.4,3.7,1.0,1.4,1.7,1.0,2.7,2.0,3.0,1.4,3.0,2.4,2.7,1.4,2.4,2.57
60,2.0,3.4,0.0,1.4,1.7,2.7,0.0,1.0,3.7,3.0,0.0,0.0,0.0,0.0,0.0,0.0,0.0,0.0,0.0,0.0,0.0,0.0,0.0,0.0,0.0,0.0,0.0,0.0,0.0,0.0,0.0,0.0,0.0,2.418
61,3.7,2.7,2.0,1.7,2.7,2.7,1.0,2.0,2.7,3.4,1.7,3.7,2.0,3.7,1.7,2.4,2.4,1.7,1.7,3.7,1.0,2.7,2.0,2.7,3.0,2.0,2.7,2.4,3.0,1.7,2.7,1.0,2.4,2.564
62,3.0,1.7,3.0,1.4,2.7,2.4,2.4,2.0,3.7,1.7,1.0,3.7,1.4,3.7,2.4,3.4,1.0,1.4,1.7,3.4,1.0,1.7,1.4,1.0,3.4,2.4,2.7,2.0,2.7,2.0,2.7,2.7,1.7,2.468
63,3.7,2.7,4.0,3.4,4.0,4.0,3.0,4.0,4.0,2.7,3.7,4.0,4.0,4.0,3.7,4.0,4.0,4.0,4.0,4.0,4.0,4.0,4.0,3.7,3.4,4.0,4.0,3.7,4.0,4.0,4.0,3.7,3.7,3.769
64,2.7,2.7,3.7,1.4,2.4,3.7,2.0,3.7,3.7,1.7,2.7,2.7,3.7,3.7,3.4,3.0,3.7,4.0,2.7,2.7,3.0,3.7,3.7,2.4,2.4,2.7,2.4,2.0,3.7,2.0,3.0,2.0,2.4,2.999
65,3.7,2.7,2.7,1.0,2.0,3.4,2.0,2.7,3.7,3.4,1.7,4.0,1.4,3.4,2.7,3.0,2.4,2.7,3.0,3.7,2.0,2.0,1.4,2.0,3.0,2.7,3.0,1.4,2.4,1.7,3.0,1.4,2.7,2.768
66,3.7,1.7,2.0,1.0,2.4,3.0,1.0,2.4,2.7,3.0,2.7,3.4,2.0,3.7,1.7,3.4,1.7,2.0,3.0,3.7,2.4,2.0,3.0,2.7,3.4,2.4,3.0,2.4,3.7,3.7,3.0,2.0,2.4,2.822
67,3.7,1.7,3.7,1.7,3.7,4.0,1.4,3.7,3.7,3.7,2.0,3.0,3.7,3.7,3.4,3.7,3.0,3.7,2.7,3.7,2.7,3.7,3.4,1.4,2.7,2.7,3.0,3.0,3.7,2.4,3.4,1.7,2.7,3.189
68,3.0,2.0,3.4,1.7,3.4,3.7,4.0,3.7,3.7,3.7,3.7,3.7,1.7,3.7,1.0,3.0,1.4,4.0,3.0,3.7,1.7,1.4,3.0,1.7,3.7,1.0,2.0,1.4,2.7,2.4,3.0,2.4,1.7,2.715
69,4.0,1.7,4.0,2.7,4.0,3.7,2.7,3.7,3.7,4.0,2.7,4.0,4.0,4.0,4.0,4.0,3.7,4.0,3.0,4.0,3.7,4.0,3.7,2.0,2.7,3.4,4.0,3.4,4.0,3.7,3.7,2.7,3.0,3.578
70,3.7,3.4,3.7,3.4,3.0,4.0,3.7,4.0,3.7,4.0,2.0,4.0,2.0,4.0,3.7,4.0,3.4,3.7,3.4,3.7,3.4,3.7,3.0,2.0,3.7,3.7,3.7,3.4,3.7,3.7,3.7,2.7,3.7,3.49
71,3.7,3.0,3.0,1.7,3.7,4.0,2.7,3.4,2.7,3.0,2.0,3.7,2.0,3.7,3.7,3.7,3.0,4.0,3.7,3.7,3.7,3.4,3.7,1.0,2.0,1.7,3.0,1.4,3.0,2.4,3.7,2.4,1.4,2.805
72,3.7,2.4,3.7,2.4,2.7,4.0,3.0,3.7,3.4,3.7,3.4,3.7,2.4,3.7,3.7,3.7,3.4,4.0,3.0,4.0,3.7,4.0,3.7,2.4,3.7,3.7,3.7,2.7,3.7,3.4,3.7,2.7,3.0,3.458
73,4.0,2.7,3.4,1.4,1.4,3.7,1.0,2.7,3.7,4.0,1.7,4.0,2.0,2.4,1.7,1.7,1.0,1.7,1.4,1.7,1.0,1.0,1.4,1.7,2.4,2.7,2.4,1.0,2.0,1.4,2.0,2.0,2.4,2.34
74,3.7,2.7,3.0,2.7,1.4,3.7,2.0,3.7,3.0,3.7,2.4,3.7,3.0,4.0,4.0,4.0,2.7,3.7,2.0,4.0,3.0,3.4,3.4,2.0,3.4,3.7,3.7,2.7,3.4,3.4,3.4,2.4,3.7,3.252
75,2.7,1.7,3.0,1.0,2.7,2.4,1.7,2.7,2.0,2.4,3.0,2.7,2.4,2.7,3.0,3.0,3.4,3.4,2.4,3.7,1.0,1.4,1.7,1.4,2.7,3.4,3.0,2.0,2.4,2.7,3.0,2.0,2.7,2.683
76,3.7,2.4,3.4,3.0,2.4,3.7,3.0,3.7,3.7,3.7,2.7,3.7,3.4,3.7,3.7,3.7,2.0,3.7,3.7,4.0,2.4,2.4,3.0,2.7,3.7,3.7,3.7,3.0,3.4,3.7,3.7,3.0,3.7,3.378
77,3.7,2.7,4.0,2.4,2.7,3.7,2.4,3.0,3.7,2.7,2.4,4.0,3.7,3.4,2.7,3.7,2.4,3.7,2.7,3.7,2.7,2.7,3.0,2.7,3.7,3.7,3.7,2.0,3.7,3.7,3.0,2.0,3.7,3.295
78,3.0,2.0,3.4,3.0,4.0,3.7,2.7,3.7,3.7,2.7,1.7,4.0,3.7,4.0,3.7,3.7,2.7,3.7,3.0,3.7,3.0,2.7,3.7,1.4,3.7,3.7,3.0,2.0,4.0,3.4,3.4,2.0,3.4,3.193
79,4.0,2.7,4.0,2.7,4.0,3.7,4.0,4.0,3.0,4.0,2.7,3.7,3.7,4.0,4.0,4.0,4.0,4.0,3.4,4.0,3.7,4.0,4.0,2.7,3.7,3.7,3.7,3.7,4.0,3.0,3.7,3.7,3.7,3.647
80,1.4,2.7,1.7,1.0,1.0,3.4,3.7,2.7,3.0,2.0,2.7,3.7,1.7,3.7,2.7,3.4,2.7,3.4,3.4,3.4,2.7,2.7,2.4,2.0,3.4,3.0,3.4,1.7,2.7,3.0,2.7,2.4,2.4,2.815
81,2.0,2.0,1.7,2.0,1.0,3.4,1.0,1.7,3.0,1.7,2.4,4.0,1.0,2.4,1.0,2.7,1.0,3.7,1.4,1.7,2.7,1.4,4.0,2.4,1.7,1.0,3.7,1.4,1.4,1.7,2.4,1.4,2.0,2.171
82,4.0,3.4,4.0,3.7,4.0,3.7,3.4,4.0,4.0,3.7,2.7,4.0,4.0,4.0,4.0,4.0,3.7,4.0,4.0,3.7,4.0,4.0,2.7,2.0,4.0,3.7,3.7,3.4,4.0,3.7,3.7,3.7,4.0,3.761
83,2.7,2.7,3.7,2.4,2.7,3.0,1.4,3.7,2.7,2.7,1.7,4.0,1.4,3.7,1.4,2.7,1.7,3.4,1.4,3.0,1.4,1.7,2.7,1.4,3.7,2.0,3.7,1.4,2.7,2.0,2.7,1.4,2.4,2.763
84,3.7,2.0,3.7,1.7,2.7,3.7,1.7,3.7,2.7,4.0,1.4,4.0,2.0,3.7,2.7,3.4,1.4,3.0,2.7,3.4,2.7,3.0,2.7,2.0,2.0,2.7,3.0,1.7,2.7,2.7,3.0,2.7,3.4,2.938
85,2.4,1.4,3.0,1.0,2.4,1.0,1.4,2.7,2.4,3.7,1.0,3.7,1.4,2.7,2.7,2.4,1.0,2.4,1.4,3.0,1.0,1.7,1.7,1.7,1.4,1.7,2.0,1.7,1.7,1.7,1.7,1.4,1.4,2.06
86,1.0,1.0,1.4,2.7,0.0,1.0,1.0,1.0,1.4,1.4,1.7,3.0,0.0,1.4,1.0,1.0,0.0,1.0,1.0,0.0,1.0,1.4,0.0,1.4,1.4,0.0,1.0,0.0,1.0,1.0,1.0,1.4,1.0,1.261
87,2.0,2.0,2.7,2.4,1.7,2.7,1.4,2.4,2.4,1.7,3.7,3.0,1.4,3.7,2.4,1.7,1.4,1.7,1.7,3.0,1.0,1.0,3.0,1.0,3.0,3.7,3.4,1.4,3.0,3.0,1.7,1.4,1.7,2.378
88,2.7,2.4,3.0,2.0,3.7,3.7,3.4,3.7,3.7,2.0,3.4,3.7,2.7,3.7,3.4,2.4,1.4,2.4,2.7,3.7,2.7,2.7,3.7,1.7,3.4,1.7,3.0,1.7,2.7,3.4,2.0,2.0,2.7,2.861
89,1.4,3.0,1.4,1.7,1.0,3.0,1.0,1.7,2.7,1.0,3.4,3.7,1.0,2.4,1.0,2.4,2.7,2.7,2.0,1.0,1.7,1.4,3.0,3.0,2.7,3.7,2.7,1.4,2.4,2.4,2.4,2.0,1.7,2.363
90,1.7,2.7,1.0,2.4,1.0,1.0,1.7,2.4,2.0,2.0,1.4,4.0,1.4,3.0,1.0,2.0,1.0,2.4,1.4,2.4,1.7,1.0,1.7,1.4,3.7,1.0,3.7,1.4,1.7,2.0,2.4,1.4,2.4,2.084
91,0.0,1.7,1.0,1.0,0.0,1.0,1.0,1.0,2.0,1.4,1.4,3.0,0.0,0.0,0.0,0.0,0.0,0.0,0.0,1.0,0.0,0.0,0.0,0.0,0.0,0.0,0.0,0.0,0.0,0.0,0.0,0.0,0.0,1.38
92,1.0,1.4,1.0,1.0,1.0,2.0,3.0,2.0,2.0,1.0,2.0,3.4,1.4,2.0,2.7,1.4,1.0,2.0,1.4,2.4,1.0,1.0,1.7,1.4,1.0,2.7,1.0,2.0,2.0,1.7,1.4,1.4,1.7,1.89
93,4.0,3.4,4.0,3.4,3.7,4.0,3.7,4.0,3.7,4.0,3.7,4.0,4.0,4.0,3.4,4.0,4.0,4.0,4.0,4.0,4.0,3.7,4.0,3.7,3.7,3.7,4.0,3.4,4.0,4.0,4.0,3.7,4.0,3.861
94,1.7,1.0,1.4,1.0,1.4,1.4,1.4,1.0,2.0,3.0,1.4,3.4,1.4,2.0,1.4,1.7,3.0,1.4,1.4,3.4,1.0,1.0,1.4,1.0,2.7,2.4,1.4,1.4,1.4,1.0,1.7,1.0,1.7,1.805
95,4.0,2.7,4.0,3.7,4.0,4.0,4.0,4.0,4.0,4.0,4.0,4.0,4.0,3.7,4.0,4.0,4.0,4.0,4.0,4.0,4.0,4.0,4.0,3.7,3.4,4.0,4.0,4.0,4.0,4.0,4.0,4.0,3.7,3.925
96,4.0,3.0,4.0,3.0,4.0,4.0,4.0,4.0,4.0,4.0,3.7,4.0,3.7,4.0,4.0,4.0,4.0,4.0,4.0,4.0,4.0,4.0,4.0,4.0,3.7,4.0,4.0,4.0,4.0,3.7,4.0,3.7,4.0,3.919
97,4.0,2.7,4.0,3.7,2.7,3.7,2.7,3.7,3.7,3.7,2.0,4.0,3.7,3.4,3.7,3.7,3.0,3.7,2.4,3.7,3.0,3.0,3.0,2.7,3.7,2.4,3.7,1.7,4.0,3.4,3.4,2.0,3.4,3.258
98,4.0,3.4,4.0,4.0,4.0,4.0,3.7,4.0,4.0,4.0,4.0,4.0,4.0,4.0,4.0,4.0,4.0,4.0,3.7,4.0,4.0,4.0,4.0,3.7,4.0,4.0,4.0,4.0,4.0,4.0,4.0,4.0,4.0,3.963
99,2.4,2.0,3.7,2.7,2.7,1.7,1.0,2.7,2.4,2.0,1.0,4.0,3.7,3.7,3.7,1.7,2.4,2.7,2.4,4.0,1.7,1.4,2.4,1.0,2.4,1.4,2.4,1.4,2.4,3.4,2.0,1.4,2.7,2.396
100,4.0,2.4,3.7,2.0,4.0,4.0,4.0,4.0,3.7,4.0,4.0,4.0,3.4,4.0,4.0,4.0,4.0,4.0,4.0,4.0,4.0,4.0,4.0,3.7,3.7,3.7,3.7,3.7,3.7,3.7,3.7,4.0,3.7,3.772
101,1.0,1.7,1.4,1.0,2.7,1.0,1.7,1.7,1.7,2.0,1.0,1.0,1.0,2.4,1.4,2.7,1.4,1.0,1.0,1.0,1.0,2.7,1.4,2.7,1.0,1.0,2.4,4.0,3.7,3.0,2.7,1.4,2.7,1.768
102,3.7,2.0,3.7,2.7,2.0,2.7,3.7,3.7,2.4,3.7,2.4,4.0,2.4,3.7,3.0,3.7,2.7,3.7,2.0,3.7,3.4,3.7,2.7,3.0,3.7,2.4,3.4,2.0,3.0,2.7,3.4,2.7,3.0,3.176
103,3.4,2.7,3.7,3.4,2.7,3.7,3.4,3.4,3.7,4.0,2.4,3.7,3.0,3.7,1.7,3.7,3.4,3.7,3.7,2.4,3.0,3.4,3.0,1.7,3.4,3.7,3.7,2.4,3.4,3.7,3.7,3.0,3.0,3.335
104,4.0,1.4,4.0,2.4,4.0,3.7,3.4,4.0,3.7,4.0,3.4,4.0,4.0,4.0,4.0,4.0,3.4,4.0,4.0,4.0,3.7,4.0,4.0,2.7,3.4,4.0,4.0,4.0,4.0,3.7,3.7,3.0,4.0,3.758
105,4.0,1.7,4.0,2.4,1.0,3.7,2.0,3.7,4.0,3.7,2.4,3.7,3.0,4.0,3.7,3.7,3.7,4.0,3.7,4.0,3.0,3.4,3.0,2.0,3.4,2.4,3.4,2.7,3.7,2.7,3.4,3.0,3.0,3.208
106,1.4,1.0,1.7,1.0,1.0,1.4,1.7,2.0,3.0,2.0,1.0,3.0,1.0,2.7,1.0,2.7,1.0,1.4,1.0,1.4,1.0,2.0,1.7,1.4,2.7,1.0,2.0,1.0,1.7,1.4,1.7,1.4,1.0,1.845
107,3.7,3.7,4.0,4.0,4.0,4.0,4.0,4.0,4.0,3.7,4.0,4.0,4.0,4.0,4.0,4.0,4.0,4.0,4.0,4.0,4.0,4.0,4.0,3.7,4.0,4.0,4.0,4.0,4.0,4.0,4.0,4.0,4.0,3.946
108,3.7,2.0,4.0,3.7,3.4,3.7,1.4,3.7,4.0,3.7,1.7,4.0,3.0,3.7,4.0,3.7,1.7,3.7,2.4,4.0,2.7,3.4,2.7,1.7,3.7,2.4,3.0,2.7,3.7,2.4,3.4,1.7,3.0,3.195
109,2.4,1.4,2.4,1.7,1.7,2.7,1.7,1.4,3.4,2.4,1.0,4.0,2.0,3.4,1.7,3.0,1.4,3.0,1.7,1.0,1.7,1.4,3.0,2.4,2.7,3.0,2.7,1.0,3.0,2.7,2.4,2.0,1.7,2.3
110,4.0,2.7,3.4,3.7,3.7,4.0,3.7,3.7,4.0,4.0,3.4,4.0,3.7,4.0,3.7,4.0,3.7,4.0,3.7,4.0,3.7,4.0,4.0,2.4,4.0,3.7,4.0,3.0,4.0,4.0,3.7,3.4,3.7,3.759
111,3.7,1.7,4.0,3.0,4.0,4.0,2.4,4.0,3.7,3.7,3.0,4.0,4.0,4.0,4.0,4.0,3.7,4.0,2.7,4.0,3.4,3.7,3.7,1.4,3.7,3.4,3.7,2.7,3.7,3.4,3.7,2.4,3.7,3.516
112,3.0,1.7,3.7,2.4,2.0,1.7,1.0,2.4,2.7,3.4,1.0,4.0,1.0,3.7,2.0,2.0,1.0,1.4,1.0,1.7,1.0,1.0,2.0,2.7,2.4,1.0,2.0,1.4,1.7,1.0,1.7,1.0,1.7,2.087
113,4.0,1.4,3.7,1.4,4.0,3.7,1.4,3.7,3.7,2.4,3.4,4.0,2.7,3.4,3.7,3.0,2.7,3.7,3.7,1.7,2.4,2.7,3.7,1.7,3.4,3.0,3.7,1.7,3.0,3.0,3.0,2.0,3.0,3.137
114,2.4,1.7,1.4,2.0,1.7,3.0,1.4,2.0,2.0,1.7,3.4,2.7,1.7,2.4,1.4,2.0,1.0,1.7,1.0,1.0,1.0,1.4,1.4,1.0,2.0,2.4,2.0,1.0,1.4,4.0,1.7,1.4,1.0,2.011
115,2.7,2.7,2.0,2.7,2.4,2.4,1.4,2.4,3.7,2.0,2.7,4.0,1.4,3.7,1.7,3.4,1.0,2.0,1.0,2.4,1.4,1.4,1.7,1.7,3.7,2.7,3.7,1.4,2.7,1.7,2.7,1.7,3.0,2.566
116,3.7,2.0,3.7,3.4,3.4,4.0,1.4,3.7,3.7,3.4,2.7,3.7,2.0,3.7,3.7,3.7,3.7,4.0,2.7,4.0,3.7,2.7,2.7,1.4,2.7,2.4,2.7,1.7,2.4,2.0,3.4,1.7,2.7,2.999
117,3.0,1.7,1.7,2.0,1.0,2.4,1.0,2.7,3.7,1.7,1.0,4.0,1.0,2.7,1.4,2.0,3.4,1.0,1.0,1.4,1.7,2.4,1.0,1.4,3.7,1.0,1.7,1.0,1.0,1.4,2.0,1.4,1.4,1.993
118,3.7,1.4,3.7,3.0,3.7,3.7,2.7,3.7,3.7,3.7,1.7,3.7,3.4,4.0,4.0,4.0,2.7,3.4,2.4,3.7,3.4,3.7,3.7,1.7,3.4,3.7,3.7,2.4,4.0,3.0,3.7,2.4,3.7,3.334
119,1.0,3.7,1.0,1.7,2.4,1.7,1.4,2.0,1.4,2.0,2.4,3.7,1.7,3.4,1.4,1.7,1.0,1.4,1.7,1.7,1.0,1.0,2.7,2.4,3.0,3.0,2.0,1.0,3.0,2.7,1.7,1.4,1.4,2.056
120,3.0,2.7,2.4,1.7,4.0,3.7,2.4,2.4,2.7,3.4,1.4,3.4,1.4,3.0,2.0,2.7,1.0,2.4,1.4,3.0,3.0,1.0,3.7,1.4,3.0,2.0,2.7,1.0,3.0,4.0,1.7,2.4,1.7,2.552
121,2.4,3.0,2.7,1.7,1.4,2.7,2.4,2.4,2.7,3.4,2.7,4.0,1.0,2.0,1.7,1.4,1.0,2.4,1.7,1.4,1.0,1.4,1.4,2.0,3.0,1.0,2.4,1.4,1.7,1.4,1.7,1.7,1.0,2.028
122,3.4,2.7,3.4,2.7,1.0,3.7,2.4,3.7,3.7,3.7,1.7,4.0,3.4,2.7,3.7,3.7,2.4,3.7,3.4,3.7,3.4,3.7,3.4,2.7,3.7,3.4,3.0,2.7,3.0,2.7,3.7,2.7,3.0,3.189
123,2.7,1.0,2.4,2.4,1.0,3.4,2.4,3.4,3.4,2.7,3.4,3.0,3.7,2.7,1.4,3.7,2.4,4.0,2.7,3.7,3.0,1.7,3.4,1.0,2.4,1.4,2.4,1.4,1.4,1.7,3.4,1.4,2.0,2.58
124,3.7,3.4,3.7,3.0,4.0,4.0,3.4,3.7,3.7,4.0,3.4,4.0,4.0,3.7,3.4,4.0,3.7,4.0,3.7,4.0,3.7,3.7,4.0,2.0,3.7,3.7,3.7,2.7,4.0,3.7,3.4,3.4,3.7,3.651
125,3.7,1.4,3.7,1.0,4.0,2.7,1.0,3.4,3.7,3.7,1.4,4.0,4.0,3.7,3.7,2.7,1.7,2.4,2.7,3.7,2.4,2.4,3.7,1.4,3.0,2.7,3.0,2.0,3.7,3.4,2.4,2.0,2.0,2.928
126,3.7,1.0,3.7,3.0,3.4,4.0,1.4,3.7,3.7,3.7,1.4,4.0,2.7,3.7,2.0,2.7,2.4,2.7,1.7,3.7,2.7,2.0,3.0,1.0,2.7,1.4,2.7,1.7,2.7,2.0,3.0,1.7,2.0,2.659
127,3.4,2.7,4.0,3.0,3.0,3.7,1.4,3.7,3.0,3.0,1.7,3.7,3.7,3.7,3.7,3.7,3.4,2.7,3.7,2.7,3.7,3.0,3.7,2.7,3.7,2.7,3.0,1.4,3.4,2.7,2.7,2.4,3.4,3.174
128,3.7,2.0,2.7,3.0,2.0,4.0,3.4,3.7,3.7,2.7,4.0,3.7,2.7,4.0,1.7,3.7,2.7,3.7,2.4,3.4,2.7,2.0,3.0,2.0,3.7,2.0,2.7,2.0,3.0,2.7,3.7,2.4,2.0,3.03
129,2.0,1.0,2.7,1.7,1.4,3.0,1.4,2.0,2.0,1.7,1.4,4.0,1.4,3.4,2.7,3.0,1.0,2.7,2.0,2.4,1.0,1.4,2.0,2.0,3.4,1.4,3.4,1.4,1.7,1.7,2.7,1.4,1.7,2.208
130,3.4,1.7,2.7,1.4,2.7,3.4,1.4,3.7,3.0,3.7,2.0,4.0,2.7,3.0,2.7,3.0,1.7,3.4,2.7,3.0,2.0,2.7,3.4,1.7,3.0,1.7,3.4,1.7,3.4,1.4,1.4,1.7,2.4,2.698
131,3.7,1.7,3.4,2.7,1.4,3.7,1.7,3.4,3.7,3.7,1.7,3.7,3.7,3.4,2.4,3.0,2.4,2.7,1.4,2.7,1.7,2.7,2.4,1.4,2.7,3.0,3.4,1.7,2.7,3.4,3.0,1.7,2.7,2.823
132,3.7,2.0,2.7,1.0,1.0,2.7,2.0,2.7,3.7,3.7,1.0,3.7,2.4,3.0,2.7,2.7,1.4,3.0,1.7,1.7,1.4,2.4,2.0,1.0,2.7,1.4,3.7,1.4,2.0,1.4,3.0,1.4,2.0,2.407
133,2.7,1.7,1.7,1.0,1.7,3.7,2.4,1.4,1.4,2.4,1.0,3.7,2.7,2.7,1.0,3.0,3.0,3.0,2.4,4.0,2.0,2.7,3.0,1.7,2.7,1.4,2.7,1.0,2.7,1.7,2.4,2.0,2.0,2.379
134,3.7,1.4,3.4,1.0,2.0,3.4,2.4,3.0,3.0,3.0,3.7,3.0,1.4,2.4,2.4,3.7,2.7,3.7,2.0,3.0,1.4,1.7,2.7,1.4,2.7,1.4,3.7,1.4,3.0,1.7,2.7,1.4,2.4,2.579
135,3.7,1.4,3.7,1.4,3.0,4.0,2.0,3.7,3.7,4.0,2.4,3.7,4.0,3.4,2.4,3.4,2.4,3.7,3.4,3.7,2.0,2.0,2.4,1.4,2.4,1.4,3.7,1.4,3.0,2.4,2.7,1.4,2.4,2.711
136,1.0,1.4,1.7,1.0,1.7,1.7,1.0,1.7,2.7,1.7,1.0,2.4,1.4,2.0,1.0,1.4,1.7,1.0,1.7,2.4,1.0,1.0,2.0,1.4,1.7,1.0,1.4,1.4,1.7,1.0,1.0,1.7,1.7,1.714
137,1.7,2.4,0.0,0.0,0.0,3.0,0.0,0.0,3.7,2.4,0.0,0.0,0.0,0.0,0.0,0.0,0.0,0.0,0.0,0.0,0.0,0.0,0.0,0.0,0.0,0.0,0.0,0.0,0.0,0.0,0.0,0.0,0.0,2.653
138,1.4,1.4,2.0,1.4,1.0,1.7,1.4,1.0,1.4,1.4,1.7,3.7,1.0,1.4,1.0,1.0,1.0,1.4,1.7,1.4,1.0,2.7,1.7,1.4,2.4,1.0,1.7,1.4,1.0,2.0,3.7,1.7,2.4,1.749
139,1.4,1.0,2.0,1.7,1.0,1.0,1.0,1.4,2.4,1.0,1.7,3.7,1.0,2.0,1.0,1.4,3.0,1.7,1.4,1.4,1.7,1.0,4.0,1.0,1.0,1.0,1.0,1.0,1.0,1.0,1.0,1.4,2.4,1.708
140,4.0,2.7,3.4,3.0,3.7,3.7,4.0,4.0,4.0,1.7,3.7,3.7,2.0,3.7,2.7,2.7,4.0,3.7,2.7,4.0,3.0,2.7,3.0,2.4,2.7,3.7,3.0,3.0,4.0,3.7,3.4,2.7,3.0,3.363
141,1.4,3.4,1.0,2.0,1.0,2.4,2.7,1.0,2.0,1.0,1.0,2.7,1.0,1.4,1.4,1.4,1.0,1.0,1.0,1.4,1.4,2.7,2.7,1.7,2.0,1.0,3.7,2.4,2.7,1.7,1.0,2.0,1.7,1.763
142,2.4,2.7,3.0,3.7,4.0,3.7,2.0,0.0,3.7,0.0,1.4,0.0,0.0,0.0,0.0,0.0,0.0,0.0,0.0,0.0,0.0,0.0,0.0,0.0,0.0,0.0,0.0,0.0,0.0,0.0,0.0,0.0,0.0,2.943
143,1.0,1.0,0.0,0.0,0.0,1.0,0.0,0.0,1.0,0.0,0.0,0.0,0.0,0.0,0.0,0.0,0.0,0.0,0.0,0.0,0.0,0.0,0.0,0.0,0.0,0.0,0.0,0.0,0.0,0.0,0.0,0.0,0.0,1.0
144,4.0,3.7,4.0,4.0,4.0,4.0,4.0,3.7,4.0,3.7,4.0,4.0,4.0,4.0,4.0,4.0,4.0,4.0,4.0,4.0,3.7,4.0,4.0,3.7,3.0,4.0,4.0,4.0,4.0,4.0,4.0,3.7,4.0,3.906
145,4.0,4.0,4.0,4.0,4.0,4.0,4.0,4.0,3.0,4.0,4.0,4.0,4.0,4.0,4.0,4.0,3.7,3.7,4.0,3.7,4.0,3.7,3.7,3.0,3.4,4.0,4.0,4.0,4.0,4.0,4.0,3.7,4.0,3.873
146,3.7,2.4,4.0,3.7,2.7,4.0,3.0,2.4,3.0,1.7,4.0,3.4,3.7,4.0,4.0,2.4,2.4,1.4,2.4,3.7,2.4,2.7,2.7,2.7,3.7,2.0,3.7,3.7,3.4,3.7,3.7,2.0,3.7,3.217
147,3.7,3.7,3.7,1.7,2.4,4.0,3.4,3.4,3.7,1.0,3.7,3.7,3.7,3.0,1.7,2.7,1.4,2.0,1.7,2.7,1.4,2.0,1.4,2.0,2.4,1.7,3.0,2.7,2.7,3.4,3.7,1.7,1.7,2.603
148,4.0,3.7,4.0,4.0,3.0,3.7,3.7,3.4,3.0,4.0,4.0,3.7,4.0,4.0,3.7,3.7,3.7,3.7,3.7,3.7,3.7,3.7,3.4,2.7,3.4,3.7,3.7,3.7,3.0,4.0,4.0,3.7,3.7,3.625
149,4.0,3.4,4.0,4.0,3.7,4.0,3.7,3.4,3.7,4.0,4.0,3.7,3.7,4.0,2.7,3.0,2.7,3.7,3.7,3.7,2.7,2.7,1.0,2.4,3.7,2.7,3.7,4.0,3.0,3.7,3.7,2.7,3.0,3.366
150,4.0,2.7,4.0,4.0,3.4,4.0,3.7,3.0,3.7,3.0,4.0,3.7,3.0,4.0,4.0,3.7,1.7,3.0,2.7,3.7,2.7,3.4,3.7,2.4,3.7,3.4,4.0,4.0,3.4,3.7,4.0,2.4,4.0,3.513
151,3.7,2.4,3.7,3.7,2.7,4.0,2.7,1.7,2.0,2.7,3.7,3.4,2.0,3.4,2.7,1.7,1.4,2.0,2.7,3.0,1.7,2.0,1.7,2.7,2.4,2.4,2.7,2.4,3.4,3.4,3.7,1.4,2.4,2.631
152,3.7,3.7,4.0,4.0,3.7,4.0,4.0,2.4,4.0,3.4,4.0,3.7,4.0,4.0,3.7,3.7,2.0,3.7,2.4,3.7,2.7,2.4,1.0,3.4,1.7,3.0,3.4,4.0,3.4,3.7,3.7,3.4,2.7,3.365
153,4.0,3.0,3.7,3.0,3.4,3.7,1.7,3.7,3.4,1.7,4.0,3.0,2.4,3.7,2.4,2.7,1.7,1.7,2.7,3.4,1.4,2.7,1.0,2.7,3.4,2.7,3.7,3.0,3.4,3.7,3.7,2.0,2.0,2.936
154,3.7,3.7,3.7,2.7,3.0,3.7,2.7,3.7,3.4,1.0,3.7,3.0,2.0,4.0,2.0,1.7,3.7,1.4,1.0,3.7,1.4,1.4,1.0,1.7,3.7,1.4,3.4,1.7,2.4,3.4,3.7,1.4,2.0,2.603
155,3.7,3.7,4.0,4.0,3.7,4.0,3.7,3.4,2.0,3.0,4.0,4.0,3.7,3.7,1.4,3.7,1.7,3.4,3.7,3.7,3.4,3.0,2.4,3.4,3.4,3.7,3.7,3.4,3.4,3.7,3.7,3.0,2.7,3.254
156,4.0,3.7,3.7,4.0,3.7,4.0,4.0,3.7,3.7,3.7,4.0,3.4,4.0,4.0,3.7,4.0,3.7,3.7,3.7,3.7,3.7,3.7,2.7,3.0,3.0,4.0,3.7,3.7,3.0,4.0,4.0,3.7,3.7,3.662
157,3.7,2.7,3.7,4.0,2.7,4.0,3.0,3.4,3.0,3.4,3.7,3.7,3.7,3.7,2.7,3.7,3.4,3.7,3.4,3.7,3.4,3.7,2.0,3.0,3.4,2.4,3.0,3.7,3.7,3.4,3.4,1.7,2.7,3.182
158,3.7,3.7,3.7,4.0,3.7,4.0,3.7,3.7,2.7,2.7,3.7,2.7,2.4,4.0,1.4,3.7,2.0,3.4,2.0,4.0,3.7,2.7,3.0,1.7,3.7,2.0,3.4,3.0,3.4,3.7,3.7,1.4,2.7,3.114
159,4.0,1.4,3.7,4.0,3.7,4.0,4.0,4.0,3.4,3.0,4.0,3.7,4.0,4.0,4.0,4.0,4.0,3.4,3.7,4.0,3.4,4.0,3.7,2.7,3.4,3.7,4.0,4.0,3.0,4.0,4.0,3.7,4.0,3.725
160,4.0,4.0,4.0,3.4,4.0,4.0,3.4,3.0,2.4,3.4,4.0,3.7,3.0,4.0,1.4,3.7,1.7,3.0,3.0,3.4,3.7,3.7,2.7,3.0,3.7,3.7,3.7,2.7,2.7,4.0,3.4,2.0,3.0,3.261
161,4.0,3.7,3.7,3.4,3.7,4.0,3.7,3.0,2.7,3.7,4.0,3.7,4.0,4.0,2.7,3.7,3.7,3.7,3.7,3.7,3.7,3.4,2.4,2.7,2.0,4.0,4.0,3.7,3.7,3.7,3.7,3.7,4.0,3.5
162,4.0,2.7,4.0,4.0,3.0,4.0,3.7,3.7,4.0,3.7,4.0,3.7,3.7,4.0,4.0,3.7,2.7,2.7,3.7,3.7,3.4,3.7,3.0,2.7,2.0,3.7,4.0,4.0,3.0,4.0,4.0,3.4,4.0,3.571
163,4.0,2.7,3.4,4.0,3.0,4.0,4.0,2.7,3.0,2.7,4.0,3.7,3.7,4.0,3.7,3.4,1.7,2.7,2.0,3.7,3.0,3.0,2.7,2.7,2.7,3.0,3.4,3.7,3.4,3.7,3.7,2.0,3.4,3.227
164,4.0,3.4,3.0,3.0,3.7,4.0,3.4,2.4,3.4,2.7,3.7,3.0,2.7,4.0,2.7,3.7,2.0,2.7,2.4,3.7,2.0,2.0,2.0,2.0,2.4,2.4,3.4,2.7,3.0,3.0,3.7,2.0,2.0,2.918
165,4.0,3.7,4.0,4.0,3.7,4.0,4.0,2.7,3.4,3.7,4.0,4.0,3.7,4.0,4.0,4.0,3.7,3.4,3.7,3.7,3.4,3.4,2.0,2.4,3.4,3.7,3.7,3.7,3.7,4.0,3.7,3.4,3.7,3.625
166,4.0,3.4,4.0,4.0,3.7,4.0,4.0,2.4,3.4,3.7,4.0,4.0,3.7,4.0,4.0,4.0,3.0,3.7,3.4,4.0,3.4,3.7,2.7,3.4,2.7,3.7,4.0,3.7,3.7,3.7,3.7,3.4,4.0,3.672
167,4.0,3.7,3.7,2.4,3.7,3.7,3.7,3.0,3.4,3.7,3.7,3.7,2.7,3.7,2.0,3.7,1.7,3.0,2.7,3.4,2.7,3.7,1.7,2.4,2.7,3.0,3.7,3.7,2.7,3.7,4.0,2.7,3.4,3.241
168,4.0,2.4,3.7,4.0,2.4,3.7,3.0,2.0,3.4,1.4,4.0,3.7,3.0,4.0,3.7,2.4,1.4,1.4,1.7,2.7,1.7,3.4,1.7,2.7,3.4,2.0,3.7,3.7,2.7,3.4,3.7,1.7,2.7,2.982
169,3.4,3.7,3.7,3.7,3.7,3.7,2.7,3.4,2.7,3.0,4.0,3.0,3.7,4.0,3.4,3.7,2.7,3.4,3.7,3.7,2.4,2.4,1.7,2.4,2.7,3.0,3.7,3.7,3.7,3.0,3.7,3.0,3.0,3.246
170,4.0,4.0,3.7,4.0,3.7,4.0,4.0,3.7,2.4,4.0,4.0,3.7,4.0,4.0,3.7,4.0,4.0,3.7,4.0,3.7,3.7,3.4,3.7,3.7,2.7,4.0,4.0,4.0,3.7,4.0,4.0,3.4,4.0,3.759
171,2.7,2.4,3.7,3.7,2.7,4.0,2.0,2.7,2.7,1.4,3.7,2.4,1.4,2.7,1.0,4.0,3.0,4.0,1.0,2.0,1.0,2.7,1.0,1.7,2.0,1.4,2.7,1.0,2.0,3.7,2.7,2.4,1.0,2.35
172,3.7,1.7,2.7,3.7,2.4,3.7,3.0,2.4,3.7,2.0,3.7,2.4,3.0,4.0,1.7,3.0,2.4,1.7,2.0,3.4,1.7,3.7,2.7,2.7,2.0,2.7,3.7,2.7,2.7,3.7,3.7,2.7,2.7,2.947
173,2.0,3.0,3.0,1.4,2.7,3.7,1.7,1.4,1.7,1.0,3.0,3.7,1.0,3.7,1.0,2.0,1.0,1.4,1.4,2.7,1.4,1.4,1.4,2.7,2.7,1.7,3.0,2.7,2.4,3.4,3.4,3.7,1.7,2.394
174,4.0,3.0,4.0,4.0,3.7,4.0,3.7,3.7,4.0,3.7,4.0,3.7,4.0,4.0,3.7,4.0,3.4,3.7,3.7,3.7,3.4,3.7,3.4,3.0,2.7,3.7,4.0,4.0,3.7,3.7,4.0,3.7,3.7,3.723
175,3.7,2.4,3.7,4.0,3.0,4.0,3.7,3.0,3.7,2.7,4.0,3.7,3.7,4.0,4.0,3.7,2.4,3.0,2.4,4.0,2.7,3.4,1.0,2.4,3.7,2.4,3.7,3.7,3.7,3.4,3.7,2.7,2.7,3.266
176,3.7,2.0,3.4,3.0,3.4,4.0,3.7,3.0,3.7,1.4,4.0,2.0,3.7,3.7,3.4,2.4,1.7,1.7,1.4,3.7,1.4,2.0,1.4,1.4,3.0,1.4,2.0,2.4,3.4,3.0,3.0,1.4,1.4,2.528
177,4.0,2.7,3.4,4.0,3.7,4.0,4.0,3.4,3.4,3.7,4.0,3.7,4.0,3.7,3.7,3.7,2.7,3.0,3.7,4.0,3.4,3.7,2.7,2.0,2.0,3.7,3.4,3.7,3.4,3.7,3.7,2.0,2.4,3.369
178,4.0,3.7,3.7,4.0,3.4,4.0,3.7,3.0,3.7,3.7,3.7,2.0,3.7,3.7,3.0,3.0,3.7,3.4,3.0,3.7,3.4,2.7,2.7,1.4,3.0,1.7,3.0,2.7,3.4,2.4,3.0,1.7,1.7,3.044
179,3.7,3.4,2.7,4.0,3.4,3.7,3.4,3.0,2.0,3.7,4.0,3.0,3.7,3.7,2.4,3.7,1.7,3.0,2.0,3.7,2.7,2.4,1.7,1.7,1.7,2.7,3.0,4.0,3.4,2.4,3.7,2.0,3.4,3.076
180,3.7,3.4,3.0,3.7,3.0,3.7,2.7,3.0,2.4,2.7,4.0,3.7,3.7,3.4,2.4,2.7,1.4,2.4,1.7,3.7,2.0,2.7,1.0,2.7,2.7,1.4,3.0,2.0,3.7,2.7,3.7,1.7,1.7,2.749
181,2.0,3.7,1.7,4.0,3.7,3.0,3.7,3.7,1.7,3.7,4.0,2.4,3.7,3.7,2.7,3.7,3.7,3.7,3.0,3.7,3.7,2.0,4.0,2.4,2.0,2.0,3.4,3.4,3.4,2.4,3.7,2.4,2.0,3.074
182,4.0,3.7,3.7,4.0,4.0,3.7,4.0,3.0,3.7,3.7,4.0,3.7,4.0,4.0,4.0,3.7,3.4,3.7,3.7,3.7,4.0,3.7,3.4,3.0,3.7,3.7,3.7,4.0,4.0,3.7,4.0,2.7,4.0,3.736
183,3.7,1.4,2.7,2.4,2.4,3.0,1.4,1.7,1.7,1.4,3.4,3.7,2.4,3.4,1.7,1.7,1.4,1.7,1.4,3.7,1.4,1.7,3.7,2.0,2.7,1.4,2.7,1.7,2.4,2.7,3.7,1.0,3.7,2.311
184,3.7,3.4,3.7,3.7,3.4,3.7,3.4,2.7,3.0,1.7,4.0,3.7,2.7,4.0,2.0,3.4,1.7,2.7,1.7,3.7,2.7,2.4,1.4,2.7,3.0,2.4,3.7,3.0,3.0,3.4,3.7,1.0,2.4,2.971
185,4.0,3.4,3.7,4.0,3.7,3.7,3.7,2.7,2.7,3.7,4.0,4.0,4.0,3.7,3.7,3.7,3.0,3.7,3.7,4.0,3.7,2.7,2.7,2.7,3.7,3.7,4.0,4.0,3.0,3.7,4.0,3.7,4.0,3.585
186,2.7,2.0,2.7,2.4,2.0,2.7,1.4,1.4,2.0,1.0,2.4,1.4,1.0,2.0,1.0,1.0,2.0,1.4,1.4,2.7,1.4,2.4,3.7,2.0,2.0,1.7,1.4,1.0,2.4,2.7,2.0,3.4,1.0,2.053
187,3.0,3.7,3.4,2.7,3.0,3.7,3.4,3.4,1.4,3.0,3.0,2.4,1.4,4.0,1.0,3.0,1.4,3.7,2.7,3.7,3.7,2.4,1.4,1.7,3.0,2.4,3.7,2.0,3.7,3.7,3.7,2.7,2.4,2.895
188,2.4,3.7,3.4,2.7,2.0,3.7,3.4,1.7,2.0,1.7,3.7,2.0,1.4,4.0,1.4,3.4,1.4,3.0,3.4,2.0,3.4,2.0,1.7,2.4,3.7,2.4,3.0,2.0,2.4,2.7,3.7,2.0,2.7,2.634
189,3.0,2.0,2.7,3.7,1.4,3.4,2.0,1.0,2.7,1.4,3.4,1.7,2.0,2.7,1.0,2.0,1.4,1.0,1.7,2.4,1.7,1.7,1.4,1.7,2.7,1.7,2.7,2.7,2.4,3.7,3.4,1.4,2.4,2.352
190,2.0,3.0,1.7,2.0,1.7,3.7,1.4,1.0,1.7,1.7,2.0,2.4,1.0,2.4,1.7,1.7,1.4,1.4,1.7,2.7,2.7,1.0,3.7,2.0,2.4,1.7,2.7,1.4,2.4,2.7,2.7,3.0,1.0,2.042
191,3.7,3.4,2.7,2.7,2.4,3.7,3.0,3.0,1.7,2.7,3.4,2.0,2.7,4.0,2.0,3.0,2.0,1.4,1.4,3.0,1.4,2.4,2.4,3.0,2.7,1.4,2.7,2.7,2.7,3.7,3.4,1.4,2.0,2.555
192,4.0,4.0,4.0,4.0,4.0,4.0,4.0,3.7,3.7,4.0,4.0,4.0,4.0,4.0,3.4,4.0,4.0,4.0,4.0,3.7,4.0,4.0,4.0,3.4,3.7,4.0,4.0,4.0,4.0,4.0,4.0,4.0,4.0,3.882
193,4.0,4.0,3.7,4.0,4.0,4.0,4.0,3.4,3.7,4.0,4.0,4.0,4.0,4.0,3.7,4.0,4.0,4.0,4.0,4.0,4.0,3.7,2.7,3.0,3.7,4.0,4.0,4.0,3.7,3.7,4.0,3.7,4.0,3.844
194,3.4,3.0,3.4,3.0,2.7,4.0,3.4,1.7,3.0,3.0,3.7,3.7,2.7,2.7,1.0,1.4,1.0,2.7,1.4,2.7,1.7,1.4,3.0,1.4,2.4,1.0,1.0,1.7,2.0,1.4,1.7,2.0,1.4,2.253
195,4.0,3.7,4.0,4.0,3.4,4.0,4.0,4.0,3.4,3.7,4.0,4.0,4.0,4.0,3.7,4.0,3.7,3.4,3.7,4.0,3.7,3.7,2.0,3.0,3.7,3.7,4.0,4.0,3.7,3.7,4.0,3.7,4.0,3.705
196,4.0,4.0,3.4,4.0,3.7,3.7,3.7,3.7,3.4,3.7,4.0,3.7,3.7,3.7,3.0,3.7,3.4,3.7,3.7,4.0,2.7,3.0,2.7,3.4,3.0,3.7,3.4,3.7,4.0,3.4,4.0,2.4,2.7,3.451
197,3.7,4.0,4.0,4.0,3.7,4.0,3.7,2.0,2.7,3.4,4.0,4.0,3.7,4.0,3.0,3.7,2.7,3.0,3.0,3.4,3.0,3.0,3.7,2.7,3.7,2.4,3.7,3.7,3.7,3.7,4.0,2.7,3.7,3.425
198,2.0,3.0,3.7,1.4,2.4,3.7,1.7,1.0,1.7,1.0,3.0,1.4,1.0,2.0,1.0,1.4,2.7,1.0,2.0,1.7,2.4,1.0,3.4,2.0,2.0,1.0,2.7,3.0,2.0,2.4,2.7,2.0,1.4,1.992
199,2.7,3.7,3.0,2.7,2.4,4.0,2.7,2.4,2.4,2.0,3.7,3.0,2.0,3.7,2.4,2.7,1.7,2.4,2.7,3.4,1.7,1.7,1.4,2.0,1.7,2.4,2.7,2.7,3.0,3.0,3.7,1.7,2.0,2.648
200,4.0,2.4,3.7,3.7,3.7,4.0,3.0,2.7,2.4,3.0,2.7,1.7,2.0,2.0,2.4,3.4,1.7,2.0,2.0,2.7,2.7,1.7,1.4,2.0,3.4,1.7,3.0,1.7,2.7,2.7,3.7,1.7,1.7,2.608
201,3.7,3.7,3.7,4.0,3.7,3.7,3.4,1.7,2.7,2.4,4.0,2.4,1.4,4.0,2.0,2.7,1.7,2.4,3.0,3.7,2.7,2.7,2.0,3.0,3.7,2.7,3.0,2.4,3.0,3.4,3.7,2.4,2.4,3.019
202,4.0,3.7,4.0,4.0,4.0,4.0,4.0,2.7,3.4,4.0,4.0,3.7,3.7,4.0,4.0,4.0,2.4,4.0,4.0,4.0,4.0,3.7,2.7,3.0,3.7,4.0,3.7,3.0,3.7,4.0,3.7,3.0,3.7,3.623
203,4.0,2.0,4.0,4.0,2.7,4.0,3.7,3.0,3.0,2.7,4.0,3.7,4.0,4.0,3.7,3.0,2.4,2.7,2.0,4.0,3.7,3.0,3.4,3.7,3.4,3.4,3.4,4.0,3.7,3.0,3.7,2.4,3.7,3.373
204,4.0,3.7,3.7,4.0,3.0,3.7,3.7,3.0,3.7,3.4,4.0,3.7,3.4,4.0,3.7,3.7,2.4,3.0,2.4,3.7,3.7,3.4,3.7,1.4,3.7,2.4,3.7,1.7,2.0,3.7,2.0,4.0,2.7,3.164
205,4.0,2.0,3.7,4.0,2.4,3.7,2.0,1.7,3.0,1.7,4.0,2.7,2.4,3.7,1.4,2.4,1.7,2.0,2.0,3.0,2.4,1.7,1.7,2.0,2.0,1.0,2.4,1.7,2.0,2.4,3.4,1.0,1.4,2.347
206,3.0,1.7,3.0,4.0,2.0,4.0,3.4,2.7,2.7,2.7,4.0,3.7,3.0,4.0,2.4,3.4,2.0,2.7,3.0,3.0,1.7,3.7,2.7,1.7,2.4,2.7,3.4,3.7,3.4,3.0,3.7,3.0,2.0,3.094
207,4.0,4.0,3.7,4.0,3.4,4.0,3.7,2.7,3.7,3.7,4.0,3.4,4.0,4.0,3.7,3.7,2.4,3.4,3.4,3.7,3.7,3.4,3.4,3.0,2.7,3.7,3.4,4.0,3.7,3.7,4.0,3.0,4.0,3.597
208,4.0,3.7,4.0,4.0,3.7,3.7,3.7,3.4,3.7,3.4,4.0,4.0,4.0,4.0,4.0,4.0,2.7,3.7,4.0,3.7,4.0,4.0,4.0,3.4,3.7,4.0,4.0,4.0,3.7,3.7,4.0,3.7,3.7,3.809
209,3.4,2.4,3.7,4.0,3.0,3.7,2.7,2.7,2.0,2.7,3.7,1.7,3.7,3.4,3.0,2.7,1.4,2.0,2.0,3.7,2.7,3.0,3.7,2.0,3.7,1.7,3.4,2.4,2.0,3.0,3.4,1.4,2.4,2.857
210,1.0,1.0,1.0,1.4,1.4,3.4,1.0,1.0,1.7,1.0,1.4,1.0,1.4,1.7,1.0,1.4,2.0,1.0,1.7,1.0,1.4,2.7,4.0,1.4,1.0,1.4,1.4,3.0,1.7,1.7,2.0,1.7,1.7,1.719
211,4.0,2.7,3.4,4.0,2.0,3.7,4.0,2.7,3.0,3.4,4.0,3.7,4.0,4.0,4.0,4.0,3.7,3.7,4.0,3.7,3.7,4.0,3.7,3.0,2.7,3.7,3.7,4.0,4.0,3.7,4.0,3.4,3.4,3.645
212,3.4,3.7,3.4,3.7,3.4,3.7,2.4,3.0,2.0,2.4,4.0,3.0,1.4,4.0,1.7,2.7,1.4,2.0,1.7,3.4,2.0,1.7,1.0,2.7,1.7,2.0,2.4,3.0,2.7,3.4,3.7,1.7,2.4,2.717
213,4.0,3.4,4.0,4.0,2.7,3.7,3.7,3.0,3.4,3.7,4.0,3.7,3.7,3.7,3.7,3.4,2.0,2.4,3.0,3.7,2.7,3.0,1.7,2.7,3.7,3.0,3.4,3.4,3.4,3.7,3.7,1.7,3.0,3.345
214,2.7,2.7,3.0,1.0,1.4,3.4,2.4,1.7,2.0,1.0,3.4,2.7,1.0,3.4,1.0,1.7,2.7,1.7,1.4,1.7,1.4,1.4,3.7,2.0,3.0,1.0,2.7,1.7,2.0,2.4,3.4,1.4,1.4,2.129
215,3.7,3.4,4.0,4.0,3.7,3.7,4.0,3.4,2.4,4.0,4.0,3.4,3.7,4.0,2.0,3.4,1.7,3.0,2.7,3.7,3.7,2.7,3.0,2.4,3.7,2.4,3.7,2.4,2.7,3.4,3.4,1.7,2.7,3.075
216,2.7,3.7,3.7,4.0,2.0,3.7,3.7,3.7,2.4,2.0,3.7,3.7,3.7,3.7,3.4,2.7,2.4,1.7,3.4,3.7,2.4,2.0,2.7,1.4,3.7,2.7,3.4,2.4,2.4,3.4,3.4,2.7,2.7,2.931
217,1.4,2.0,2.4,1.0,1.0,3.4,1.7,1.7,3.7,1.4,2.4,1.4,1.0,2.0,1.0,1.0,1.7,1.4,1.7,1.4,2.0,1.0,2.7,1.0,2.4,1.0,2.4,1.4,1.4,2.0,2.0,1.4,1.7,1.909
218,2.7,2.7,3.7,3.7,3.0,3.7,3.7,3.7,3.4,1.7,4.0,4.0,3.4,4.0,1.7,2.7,2.0,2.7,2.7,3.7,1.7,3.4,1.4,2.0,3.7,2.7,3.4,3.4,2.4,3.7,3.7,2.0,2.7,2.942
219,4.0,2.7,3.7,4.0,3.7,4.0,4.0,3.0,3.7,2.7,4.0,3.7,3.0,4.0,3.7,3.0,1.4,2.7,2.4,3.7,2.7,3.7,2.7,2.4,3.7,3.0,3.7,3.4,3.7,3.7,4.0,2.0,3.7,3.325
220,2.4,3.7,3.7,4.0,2.0,4.0,3.0,3.4,3.0,2.0,4.0,3.7,3.7,4.0,2.7,2.0,1.4,1.7,2.7,2.7,2.7,2.4,3.7,2.0,3.7,2.7,3.7,2.4,2.4,3.7,3.4,2.0,3.0,3.023
221,1.7,1.7,3.4,1.4,1.4,3.4,1.7,1.7,3.0,1.4,3.4,2.7,1.0,2.7,1.7,1.7,1.4,1.0,1.4,2.7,1.4,1.4,3.7,2.0,3.7,1.0,3.0,1.4,2.4,3.0,2.4,2.0,3.0,2.212
222,3.0,3.7,3.7,3.4,1.7,3.4,3.0,3.4,3.7,1.4,3.7,2.4,2.4,3.7,1.7,1.7,1.4,1.0,1.7,3.4,1.4,1.7,3.7,1.7,3.7,1.7,3.0,2.4,2.4,3.7,2.7,1.7,1.4,2.621
223,3.7,2.7,3.4,1.7,3.7,3.7,3.0,3.7,2.7,1.4,3.7,3.4,3.0,4.0,2.0,2.4,1.0,2.7,2.7,3.0,2.0,2.4,1.7,2.0,3.7,3.0,3.0,3.0,3.7,3.0,2.7,1.7,2.7,2.76
224,3.7,3.7,3.7,3.0,3.7,4.0,3.0,3.7,2.7,1.7,3.7,4.0,1.4,4.0,2.4,3.7,3.7,3.4,3.4,3.7,3.4,3.4,4.0,2.7,3.7,2.4,3.7,3.4,2.7,3.7,3.7,2.7,3.7,3.229
225,4.0,3.4,3.7,2.7,3.7,4.0,3.0,2.7,3.4,1.7,4.0,3.7,3.7,4.0,1.7,3.7,2.4,2.4,3.0,3.7,3.0,2.4,1.4,3.0,3.7,3.4,3.7,3.7,3.7,3.4,3.7,3.0,3.7,3.269
226,4.0,4.0,4.0,4.0,3.7,4.0,4.0,3.7,3.7,3.4,4.0,3.7,3.7,4.0,3.7,3.7,2.0,3.4,3.7,3.7,3.7,3.7,2.7,2.0,3.7,4.0,3.7,3.7,3.7,3.7,4.0,2.7,3.7,3.664
227,3.0,3.0,3.7,4.0,3.0,3.7,3.0,1.4,3.4,1.0,3.4,3.0,1.7,3.7,1.7,2.7,2.4,2.4,3.7,3.4,2.7,2.4,1.0,1.7,3.7,2.7,3.0,1.0,2.0,3.4,3.0,1.7,2.0,2.756
228,2.7,2.7,2.7,3.4,2.0,2.7,3.0,2.0,2.4,1.0,3.7,2.0,3.0,3.7,1.4,3.4,1.0,1.0,2.0,2.7,2.7,2.7,2.7,2.4,3.4,3.4,3.7,3.7,3.4,2.7,3.7,2.0,2.7,2.895
229,2.7,3.0,2.0,3.7,1.7,4.0,3.7,2.7,3.0,1.0,3.7,2.7,3.4,3.7,2.0,1.7,1.4,1.7,3.4,3.0,1.4,2.0,2.0,1.4,3.7,1.7,2.7,2.0,2.0,3.0,2.7,1.7,2.0,2.644
230,3.7,3.7,3.4,2.0,3.0,3.7,1.7,3.7,3.7,1.0,3.0,2.0,1.4,2.0,1.4,2.0,2.4,2.4,1.4,3.0,1.4,1.4,3.7,1.4,3.4,1.7,2.4,1.4,2.0,2.7,2.7,2.7,2.4,2.462
231,3.7,2.7,3.4,1.4,1.7,3.7,2.4,3.7,2.4,2.7,3.0,3.4,1.4,3.7,2.0,3.0,1.4,1.4,1.7,3.7,2.0,2.4,1.7,1.4,3.7,2.7,3.4,2.4,2.7,3.4,3.4,1.7,2.4,2.701
232,3.7,4.0,3.7,3.7,3.7,4.0,3.7,3.7,3.7,3.7,3.7,3.7,3.4,4.0,3.7,4.0,3.7,3.7,4.0,3.7,4.0,4.0,3.4,2.4,4.0,3.7,4.0,3.7,3.7,3.7,3.7,3.7,3.7,3.727
233,3.7,3.4,3.7,3.4,2.7,4.0,1.7,3.4,3.7,1.0,4.0,3.7,3.7,3.7,1.7,3.7,2.0,2.0,2.0,3.7,1.7,2.7,1.7,2.0,3.7,2.4,3.4,3.0,3.0,3.7,3.7,1.7,2.4,3.042
234,4.0,4.0,4.0,4.0,4.0,4.0,3.7,3.7,3.7,3.7,4.0,4.0,4.0,3.7,4.0,2.7,4.0,3.7,4.0,3.7,3.7,2.4,3.4,3.4,3.7,4.0,4.0,3.7,3.7,3.7,4.0,3.7,4.0,3.754
235,4.0,3.7,4.0,4.0,4.0,4.0,3.7,4.0,3.7,4.0,4.0,4.0,4.0,4.0,4.0,4.0,3.7,3.7,4.0,4.0,4.0,3.7,3.7,3.0,3.7,4.0,4.0,4.0,3.7,3.7,4.0,3.7,3.7,3.769
236,3.7,2.7,3.4,4.0,3.4,3.7,3.7,3.7,2.7,3.0,4.0,3.0,2.7,3.7,2.0,3.7,1.4,3.0,2.7,3.7,2.0,2.4,1.4,2.4,3.0,2.7,3.0,1.7,3.0,3.0,3.0,2.4,2.7,2.948
237,1.4,3.0,2.7,2.7,1.7,4.0,2.4,1.7,2.0,1.0,4.0,2.4,1.0,2.7,1.4,1.7,3.4,1.4,1.7,3.4,1.7,1.7,3.0,1.4,3.7,1.4,2.4,1.4,1.7,2.7,3.0,1.0,1.0,2.206
238,4.0,3.7,3.7,3.7,4.0,4.0,3.7,3.7,3.4,3.4,4.0,3.4,3.7,3.7,1.7,3.7,2.7,2.7,3.4,3.4,4.0,2.0,3.7,2.4,3.7,3.0,3.7,3.7,3.7,3.4,3.7,3.0,3.7,3.353
239,4.0,3.4,4.0,4.0,3.7,4.0,3.7,4.0,3.7,4.0,4.0,4.0,4.0,4.0,3.7,4.0,3.7,3.7,3.7,4.0,3.7,4.0,2.0,3.0,3.0,4.0,3.7,4.0,3.7,3.7,3.7,3.0,3.7,3.573
240,4.0,3.7,4.0,4.0,3.4,4.0,3.0,2.7,3.7,2.0,4.0,3.0,3.4,4.0,1.7,3.7,2.0,1.7,2.7,3.4,3.0,3.0,1.0,2.7,3.7,3.4,3.7,4.0,2.7,3.0,3.7,2.4,4.0,3.267
241,3.7,2.0,4.0,2.7,2.7,4.0,3.0,3.7,2.4,1.7,4.0,3.0,3.7,3.7,2.4,2.7,1.4,1.4,2.0,2.7,1.7,2.0,2.0,2.4,3.7,3.0,3.0,3.7,2.7,2.7,3.0,1.4,2.7,2.756
242,3.7,2.7,3.7,4.0,2.7,3.4,3.7,3.0,3.4,1.0,4.0,1.7,2.7,3.7,1.7,1.7,1.4,1.4,1.4,3.7,1.7,1.7,1.4,2.4,3.7,1.4,2.7,3.0,2.7,2.7,2.7,1.7,1.7,2.595
243,4.0,3.7,3.7,4.0,3.7,4.0,3.7,3.4,3.7,3.4,4.0,3.7,3.7,4.0,4.0,3.7,2.4,3.0,3.7,3.7,3.4,3.7,2.7,2.4,3.7,3.7,3.7,3.7,3.7,3.7,4.0,2.7,3.4,3.593
244,4.0,3.7,3.7,4.0,3.4,3.7,3.4,3.4,3.7,2.4,4.0,3.4,3.7,3.4,1.7,3.4,2.0,2.4,2.7,2.7,2.4,2.7,3.0,2.4,3.7,3.4,3.7,3.7,3.7,2.7,3.7,2.7,3.7,3.271
245,3.0,2.7,3.7,2.0,3.4,4.0,2.7,2.4,2.7,2.0,3.7,3.0,2.0,3.4,1.4,2.7,1.7,2.7,2.4,2.7,1.7,1.7,3.7,1.7,3.4,2.0,3.0,2.0,3.0,2.4,2.7,1.7,2.0,2.605
246,3.7,2.7,3.7,4.0,2.7,3.7,1.7,3.7,3.7,2.7,3.7,2.7,3.7,3.7,2.4,3.7,1.4,2.4,2.0,3.7,2.0,3.0,1.4,2.0,3.0,2.7,2.7,2.7,2.7,3.7,3.7,2.0,3.4,3.058
247,3.7,3.4,3.7,3.4,2.7,3.7,2.7,3.0,3.4,1.4,3.7,3.4,2.7,3.4,1.7,3.4,1.4,1.7,2.7,3.7,1.7,1.7,2.0,1.7,3.7,1.7,3.0,1.7,2.7,3.0,2.7,1.4,2.0,2.687
248,4.0,3.7,4.0,4.0,3.7,3.7,3.7,3.4,3.7,2.7,4.0,3.7,4.0,4.0,3.7,3.4,3.4,2.4,3.0,3.7,3.7,3.0,4.0,2.4,3.7,2.7,3.7,4.0,2.7,3.4,3.7,3.7,3.0,3.432
249,3.7,3.7,3.7,2.7,2.7,3.4,3.0,2.7,2.0,1.0,4.0,3.4,2.4,3.7,1.4,3.0,2.0,1.7,1.7,2.7,2.0,2.4,3.7,2.0,3.7,2.7,3.4,3.4,2.4,2.7,3.4,2.0,2.7,2.785
250,4.0,3.7,3.7,3.7,3.7,4.0,3.7,3.7,2.7,4.0,3.7,1.7,3.7,4.0,2.4,4.0,2.7,3.4,3.7,3.7,3.7,3.4,2.7,2.7,3.7,2.7,3.7,3.7,3.4,3.4,3.0,3.0,3.0,3.328
251,3.4,3.7,3.7,3.0,2.7,4.0,2.7,2.0,3.0,1.4,4.0,2.7,2.4,4.0,1.4,3.0,1.7,2.4,2.0,3.0,2.0,2.4,2.4,2.4,3.7,1.7,2.7,3.0,2.4,2.7,3.7,2.0,2.0,2.756
252,3.4,3.4,3.0,3.0,3.0,3.7,3.0,3.7,3.0,2.4,4.0,2.4,2.7,3.4,3.7,3.0,2.0,2.4,2.7,3.7,2.4,2.4,2.7,2.7,3.7,3.0,3.7,3.4,3.7,3.4,2.7,2.4,2.4,3.043
253,2.7,4.0,3.4,4.0,3.7,4.0,2.4,2.7,2.4,1.0,2.7,2.7,4.0,3.7,1.0,3.0,2.4,1.4,2.7,2.4,2.0,2.7,1.7,1.7,3.0,1.4,3.0,1.4,2.0,3.4,2.7,1.7,2.4,2.44
254,4.0,3.0,4.0,4.0,3.7,3.7,3.4,3.7,3.4,3.7,4.0,3.7,3.7,3.7,3.7,3.7,2.4,4.0,3.0,4.0,3.7,3.4,3.0,2.4,3.7,3.7,4.0,3.0,3.0,3.7,4.0,2.7,4.0,3.512
255,1.7,1.0,1.4,2.0,1.0,3.7,1.0,1.0,2.0,1.4,1.4,2.4,2.4,1.4,2.4,1.0,2.4,1.4,1.0,1.7,1.7,3.0,1.7,1.7,2.7,1.0,1.4,2.7,1.4,1.7,1.4,1.0,1.7,1.764
256,2.7,1.7,3.0,2.7,1.7,3.7,2.4,3.4,2.7,1.0,3.7,2.7,3.4,3.4,2.0,2.4,1.7,1.7,1.4,3.4,2.0,2.4,3.7,3.0,3.7,1.7,2.7,2.7,2.0,3.4,2.7,1.7,2.0,2.605
257,2.7,3.0,3.4,3.0,1.4,3.7,1.7,3.4,2.0,1.4,3.4,3.4,1.7,3.0,1.7,2.4,1.4,1.4,1.4,2.4,1.4,1.7,3.0,1.4,3.7,1.7,2.0,2.7,2.0,2.7,3.0,1.4,1.4,2.311
258,3.7,2.4,3.7,4.0,3.4,4.0,3.7,3.7,3.7,3.4,4.0,3.4,3.7,3.7,3.7,3.7,1.7,2.7,4.0,4.0,2.7,3.7,2.7,2.7,3.4,3.7,3.7,3.4,3.4,3.7,4.0,3.7,4.0,3.479
259,3.7,3.0,3.7,4.0,3.4,4.0,4.0,3.7,3.7,3.0,4.0,3.7,2.7,4.0,2.4,3.4,3.0,3.0,3.0,3.7,2.7,3.4,3.4,2.0,3.7,3.7,3.4,3.7,2.7,3.7,4.0,3.4,2.7,3.447
260,4.0,3.7,4.0,4.0,4.0,4.0,4.0,3.7,3.7,3.0,4.0,3.7,3.7,4.0,3.7,4.0,2.7,2.7,3.7,3.7,3.7,4.0,3.7,3.0,4.0,4.0,4.0,4.0,4.0,3.4,4.0,3.7,4.0,3.751
261,3.4,1.4,1.7,3.4,2.7,4.0,2.7,2.7,3.0,2.4,4.0,1.7,2.4,3.4,1.4,3.0,1.4,2.4,2.0,2.7,1.7,2.0,1.0,2.7,3.0,1.7,2.4,1.4,3.0,3.0,3.7,1.4,1.4,2.484
262,3.7,3.0,3.4,3.7,3.7,4.0,3.0,3.0,2.7,3.7,2.7,3.4,1.7,3.7,1.4,2.7,2.0,3.7,2.4,1.4,2.4,1.7,3.7,1.7,3.7,1.7,2.7,1.7,3.7,2.0,2.7,1.4,2.0,2.704
263,2.7,2.7,2.7,4.0,1.7,3.7,3.4,2.4,3.4,1.7,3.4,1.4,3.0,3.7,3.7,1.7,1.4,1.4,2.4,3.0,1.4,3.0,3.7,2.0,3.7,2.7,2.7,3.4,3.7,3.7,2.7,2.4,2.7,2.806
264,4.0,1.7,3.7,4.0,3.7,4.0,4.0,4.0,3.7,3.7,4.0,3.7,4.0,4.0,4.0,4.0,3.7,3.7,3.7,3.7,3.7,4.0,3.7,2.4,3.7,4.0,4.0,4.0,3.7,3.7,4.0,3.7,4.0,3.755
265,3.7,3.7,3.7,3.0,3.4,3.7,3.7,3.7,3.0,2.4,4.0,2.7,3.4,4.0,2.4,3.7,1.7,3.0,2.4,3.4,2.7,2.7,1.4,2.0,3.0,2.0,2.7,3.4,2.7,2.7,2.7,2.7,1.4,2.925
266,3.7,3.7,4.0,3.4,2.7,4.0,3.7,3.0,2.0,2.0,4.0,3.7,2.4,4.0,3.4,4.0,1.4,3.7,3.7,2.7,3.7,3.7,3.7,3.0,3.7,3.7,4.0,4.0,4.0,3.7,4.0,4.0,3.7,3.54
267,3.7,2.4,3.7,3.7,2.0,3.0,2.4,3.7,3.0,1.0,3.7,3.4,1.4,4.0,1.7,1.7,1.4,1.0,1.4,3.0,1.4,1.4,1.4,1.7,3.7,1.4,2.0,2.0,2.7,2.7,3.0,1.7,1.4,2.388
268,4.0,3.7,3.4,3.7,3.7,3.7,3.4,3.7,3.7,2.0,4.0,3.7,3.7,4.0,3.7,3.7,2.0,3.7,3.7,3.7,3.7,3.0,3.0,3.7,3.4,3.7,3.7,3.7,3.4,3.7,3.7,3.7,3.0,3.473
269,3.4,3.7,3.4,3.0,3.0,3.7,3.4,3.7,3.0,1.0,3.7,3.7,3.0,3.7,1.7,2.4,1.4,1.7,3.7,3.4,2.7,2.7,2.7,1.7,3.0,2.4,3.4,2.0,3.4,3.4,2.4,2.4,2.4,2.845
270,4.0,3.0,3.7,3.7,3.7,4.0,3.7,3.4,3.7,3.7,4.0,4.0,3.0,4.0,2.7,3.7,1.4,3.7,3.7,3.7,3.7,3.4,3.7,2.4,3.7,3.7,3.7,3.7,3.7,3.7,4.0,3.4,3.4,3.555
271,3.4,4.0,4.0,2.7,3.4,3.7,3.0,2.4,1.7,1.0,3.7,3.0,1.0,4.0,3.0,3.0,1.4,1.0,1.4,1.7,1.7,3.0,1.4,2.7,3.7,3.4,4.0,2.0,3.0,4.0,3.4,2.4,4.0,2.854
272,2.7,2.7,3.7,3.0,3.4,3.7,2.7,1.7,2.7,2.7,3.0,2.7,3.0,4.0,2.4,3.4,2.4,3.0,3.7,3.0,2.4,3.4,3.0,2.4,2.7,3.0,3.7,2.7,3.0,3.4,3.4,2.4,3.0,3.055
273,2.7,3.0,2.7,2.7,1.7,3.7,2.7,1.4,3.0,1.4,2.7,3.0,2.4,3.7,1.0,2.0,1.0,1.7,1.4,2.7,1.4,2.0,1.0,2.4,3.4,2.0,3.0,2.0,2.0,2.7,2.7,1.4,2.7,2.391
274,3.4,3.0,3.4,3.0,2.4,3.4,1.7,1.4,3.4,1.7,3.0,2.7,4.0,3.4,2.4,3.4,2.0,1.0,1.7,2.7,1.4,2.4,2.4,2.0,2.0,2.4,3.0,3.7,1.7,3.0,3.7,2.0,2.7,2.619
275,2.7,3.4,3.0,1.4,1.7,3.4,1.7,1.0,1.4,1.0,2.7,1.4,1.0,1.7,1.0,1.4,1.4,1.4,1.4,1.7,2.0,3.7,3.7,1.7,2.7,1.0,2.4,1.4,1.7,2.0,1.4,1.7,1.4,1.905
276,1.0,2.4,2.7,1.0,1.7,3.4,1.4,1.7,1.4,1.0,1.7,2.4,1.4,1.7,1.7,2.0,2.4,1.4,2.4,1.4,1.0,2.7,2.7,1.4,1.7,1.0,2.4,2.7,1.4,2.7,1.7,3.0,2.7,2.009
277,3.4,1.4,1.4,3.0,1.4,4.0,3.7,3.0,2.4,1.7,3.7,3.0,3.4,3.7,2.7,3.4,1.7,1.7,1.4,3.7,2.0,2.7,3.7,2.0,3.4,2.7,2.7,3.0,2.4,2.4,3.0,2.0,2.7,2.705
278,2.4,3.7,3.0,2.4,2.7,3.4,1.7,1.0,2.4,2.7,3.4,3.0,1.4,2.4,1.4,2.7,1.4,2.7,1.7,2.4,1.7,1.4,3.7,1.7,2.0,2.4,2.4,4.0,1.4,2.4,2.7,1.7,2.4,2.408
279,2.4,1.7,3.4,2.4,1.4,3.7,2.4,2.0,2.7,1.0,3.7,2.4,1.7,3.7,2.0,2.0,1.0,1.0,1.4,2.4,1.4,2.4,1.0,1.7,3.0,2.0,2.7,2.0,1.7,3.4,2.4,1.7,1.7,2.298
280,4.0,3.7,3.7,4.0,3.7,4.0,2.4,4.0,3.7,3.0,4.0,4.0,3.0,4.0,3.7,3.7,3.7,2.0,4.0,2.7,4.0,3.7,4.0,2.4,3.7,4.0,3.7,3.7,3.7,3.0,3.7,3.7,3.7,3.521
281,0.0,1.4,0.0,0.0,0.0,1.0,0.0,1.0,0.0,0.0,1.0,0.0,0.0,0.0,0.0,0.0,0.0,0.0,0.0,0.0,0.0,0.0,0.0,0.0,0.0,0.0,0.0,0.0,0.0,0.0,0.0,0.0,0.0,1.092
282,2.7,2.4,1.4,1.0,3.7,2.7,3.0,3.4,0.0,1.0,1.7,3.7,2.4,2.7,3.0,1.0,2.0,1.4,2.7,1.0,1.7,1.7,0.0,0.0,0.0,0.0,0.0,0.0,1.0,1.4,2.4,0.0,0.0,2.086
283,1.4,1.0,1.7,1.0,1.7,2.0,3.4,1.4,1.7,1.4,1.0,2.7,1.0,1.4,1.4,1.4,1.0,1.0,1.0,1.0,1.4,2.0,2.4,1.7,1.0,1.0,2.0,1.0,1.4,1.7,1.0,1.4,1.7,2.086
284,3.7,3.7,4.0,4.0,4.0,4.0,3.7,4.0,3.7,4.0,4.0,4.0,4.0,3.4,4.0,4.0,4.0,4.0,4.0,4.0,4.0,4.0,4.0,3.0,3.7,4.0,4.0,4.0,4.0,4.0,4.0,4.0,4.0,3.919
285,3.4,4.0,4.0,4.0,4.0,4.0,3.7,4.0,4.0,4.0,4.0,4.0,4.0,4.0,4.0,4.0,4.0,4.0,4.0,4.0,4.0,4.0,4.0,3.4,4.0,4.0,4.0,4.0,4.0,4.0,4.0,4.0,4.0,3.972
286,3.0,3.7,4.0,4.0,4.0,3.7,3.7,4.0,4.0,4.0,4.0,3.7,3.7,3.7,4.0,3.7,4.0,3.0,4.0,4.0,4.0,4.0,4.0,3.0,4.0,4.0,3.7,4.0,4.0,4.0,3.7,4.0,4.0,3.856
287,3.4,3.0,4.0,3.4,3.7,4.0,3.4,3.4,3.4,4.0,4.0,4.0,3.7,3.0,4.0,4.0,4.0,3.4,4.0,4.0,3.7,4.0,4.0,3.0,4.0,4.0,4.0,4.0,4.0,4.0,4.0,4.0,3.4,3.772
288,1.0,1.7,1.0,2.0,1.0,1.0,2.7,0.0,1.4,0.0,0.0,0.0,0.0,0.0,0.0,0.0,0.0,1.4,0.0,0.0,1.0,0.0,0.0,0.0,0.0,0.0,0.0,0.0,0.0,0.0,0.0,0.0,0.0,0.998
289,2.7,4.0,4.0,4.0,4.0,4.0,3.7,4.0,4.0,4.0,4.0,4.0,4.0,4.0,4.0,4.0,4.0,3.7,4.0,4.0,4.0,4.0,4.0,3.4,4.0,4.0,4.0,4.0,4.0,4.0,4.0,4.0,4.0,3.943
290,3.0,2.0,3.0,2.4,3.4,3.0,3.0,3.4,3.4,3.0,3.0,4.0,2.7,3.0,3.7,2.4,3.0,2.0,2.7,3.7,3.7,3.4,3.0,2.7,2.0,3.4,3.0,3.0,3.7,2.0,3.0,4.0,3.0,3.071
291,3.0,2.7,4.0,3.4,4.0,3.0,3.4,4.0,3.4,2.0,3.4,4.0,4.0,3.7,4.0,4.0,3.4,3.0,3.7,4.0,3.0,3.7,3.7,3.4,3.0,3.7,4.0,3.7,3.4,3.0,4.0,4.0,4.0,3.605
292,3.7,2.4,4.0,3.7,4.0,3.7,3.7,4.0,3.7,3.0,3.4,4.0,3.4,4.0,4.0,3.7,3.4,3.0,3.7,4.0,3.0,3.7,4.0,3.4,3.4,3.7,4.0,4.0,3.7,3.0,3.7,4.0,4.0,3.653
293,1.0,1.4,1.0,2.0,1.7,1.4,3.0,1.7,2.0,1.7,1.4,2.0,3.0,2.0,1.4,2.0,2.4,2.4,2.0,2.0,1.7,1.7,3.0,2.4,2.4,1.7,3.4,1.4,0.0,0.0,1.0,1.0,0.0,1.876
294,2.4,3.0,4.0,3.7,4.0,3.0,3.7,4.0,2.7,3.0,3.7,4.0,3.4,4.0,4.0,4.0,3.7,3.0,3.4,4.0,2.7,3.0,3.7,3.4,3.7,4.0,4.0,4.0,3.4,3.4,4.0,4.0,4.0,3.668
295,1.4,2.0,2.7,2.7,3.4,2.4,3.4,2.7,1.7,2.0,2.7,3.4,1.7,1.4,3.4,3.4,2.4,1.7,3.0,4.0,2.4,2.7,2.7,2.7,2.0,2.7,3.7,3.0,3.4,2.0,3.4,4.0,3.4,2.791
296,1.0,3.4,1.0,1.7,1.7,4.0,3.4,1.0,1.4,2.0,2.4,3.0,1.0,1.0,2.4,1.0,2.4,3.0,2.0,1.4,2.4,1.0,1.7,2.0,2.7,1.4,1.0,3.4,1.7,2.7,1.4,4.0,1.0,1.919
297,2.0,1.7,3.0,1.7,3.4,3.0,3.4,2.7,2.4,2.0,2.4,3.7,1.4,1.0,3.0,2.4,2.7,3.0,1.7,3.4,2.7,1.7,4.0,3.0,1.7,3.7,3.0,3.7,2.7,1.0,3.0,4.0,2.7,2.775
298,3.0,3.0,3.7,2.0,3.0,2.7,3.0,3.7,3.4,3.4,3.4,4.0,1.0,2.7,2.7,2.0,2.4,3.0,2.0,2.7,3.7,2.0,3.0,3.0,2.0,3.0,2.4,2.0,2.4,3.0,1.4,3.7,1.4,2.654
299,2.0,3.4,3.7,2.7,3.4,2.4,2.7,4.0,3.0,2.7,3.0,3.0,3.0,3.7,4.0,3.4,3.7,3.4,3.7,4.0,3.4,3.7,3.7,3.0,3.0,3.7,3.0,4.0,3.7,3.4,3.4,4.0,3.0,3.416
300,2.4,2.7,1.7,3.0,3.7,1.4,3.7,3.7,2.0,1.4,2.0,4.0,1.0,2.0,4.0,4.0,2.7,1.4,2.7,3.4,3.7,2.7,3.4,3.0,2.4,3.7,3.4,3.4,3.4,2.0,3.4,4.0,3.0,3.017
301,3.0,3.4,4.0,3.4,4.0,4.0,3.0,4.0,4.0,3.4,4.0,4.0,3.7,4.0,3.7,3.4,4.0,2.7,3.7,4.0,2.7,4.0,3.7,2.7,3.0,4.0,3.4,4.0,3.7,3.7,3.4,4.0,3.0,3.656
302,3.0,3.7,4.0,3.4,4.0,3.4,3.7,4.0,4.0,4.0,4.0,4.0,2.7,3.7,4.0,4.0,4.0,2.7,4.0,4.0,3.7,4.0,4.0,3.0,4.0,4.0,4.0,4.0,4.0,3.0,4.0,4.0,3.7,3.798
303,1.0,1.7,1.4,3.0,4.0,2.7,3.0,3.4,2.4,2.4,2.4,4.0,1.4,3.0,2.7,3.4,3.4,2.4,3.0,3.7,2.7,3.0,3.0,2.7,2.0,3.0,3.0,2.7,2.7,1.4,3.0,4.0,2.7,2.736
304,1.7,2.0,2.0,3.4,4.0,2.4,3.0,3.7,2.4,2.4,3.0,3.0,2.7,3.4,3.7,3.4,2.0,3.0,3.0,3.7,3.0,1.7,3.4,2.7,2.7,3.7,4.0,3.7,3.4,2.0,3.4,4.0,3.7,3.156
305,2.7,4.0,4.0,4.0,3.7,3.7,3.7,4.0,4.0,4.0,4.0,4.0,4.0,4.0,4.0,3.4,4.0,3.4,3.7,4.0,3.7,4.0,4.0,3.0,4.0,3.7,4.0,4.0,4.0,3.7,4.0,4.0,3.4,3.84
306,2.0,2.0,3.0,3.7,3.7,2.4,3.0,4.0,1.7,1.7,3.0,3.4,3.7,3.4,3.7,3.4,3.4,3.4,2.0,3.4,1.7,2.4,3.7,2.7,1.7,3.7,4.0,3.4,2.4,1.7,3.4,4.0,3.0,3.058
307,2.0,2.0,3.7,3.0,3.4,3.0,3.4,3.7,3.0,3.4,3.7,4.0,1.0,3.0,3.7,2.7,3.4,2.7,3.0,3.7,3.7,3.4,4.0,3.0,3.4,4.0,4.0,3.7,3.4,2.7,3.0,4.0,2.4,3.318
308,1.4,2.4,3.4,3.4,3.4,2.0,3.0,4.0,1.7,2.4,3.0,3.0,2.4,2.7,3.7,3.7,2.4,3.0,2.0,3.0,3.4,2.0,3.7,3.0,1.7,3.4,3.0,3.4,2.0,2.0,3.4,4.0,3.4,2.922
309,1.0,1.0,1.0,1.0,2.4,2.0,3.0,1.4,2.4,1.0,2.4,1.7,3.4,1.4,3.0,1.7,2.4,2.7,3.0,2.0,2.0,1.0,1.7,3.0,1.0,2.4,3.0,3.0,2.0,1.0,2.0,3.7,1.7,2.196
310,2.4,2.7,3.4,3.0,4.0,3.0,3.4,4.0,3.0,3.0,3.4,4.0,1.7,3.4,3.7,4.0,3.0,3.7,3.4,3.7,3.0,2.0,4.0,3.0,2.7,3.7,3.7,3.4,3.4,1.7,3.7,4.0,3.0,3.335
311,3.7,3.0,4.0,3.4,4.0,3.7,3.7,4.0,4.0,2.7,3.7,3.7,2.0,4.0,3.7,3.4,3.4,2.4,3.7,4.0,3.4,3.0,4.0,3.4,3.7,4.0,4.0,4.0,4.0,3.0,4.0,4.0,3.7,3.659
312,3.0,2.0,3.4,2.0,3.7,2.0,3.7,4.0,3.4,2.4,3.7,3.0,3.7,3.7,3.4,3.0,4.0,2.0,3.0,3.4,4.0,3.0,3.0,3.0,3.0,3.4,2.7,3.4,3.4,3.0,2.7,4.0,3.4,3.167
313,1.4,3.7,4.0,3.0,4.0,1.7,3.4,2.7,3.0,2.4,4.0,3.7,1.7,3.7,4.0,3.0,4.0,1.4,4.0,4.0,3.4,4.0,3.7,2.7,3.0,3.4,2.7,4.0,4.0,3.4,4.0,4.0,3.0,3.418
314,1.4,2.0,2.0,2.0,2.4,1.4,3.4,1.4,1.0,1.7,2.4,2.4,1.0,2.0,3.7,3.7,1.4,2.4,2.7,3.4,3.4,1.4,3.4,3.0,3.0,3.7,3.4,3.4,3.0,1.7,3.4,4.0,3.4,2.729
315,2.4,4.0,4.0,3.7,4.0,3.7,3.0,4.0,3.4,3.4,4.0,3.7,4.0,4.0,4.0,3.7,4.0,4.0,4.0,4.0,2.4,4.0,3.7,3.0,4.0,4.0,3.7,4.0,4.0,4.0,4.0,4.0,3.4,3.737
316,2.4,2.0,3.0,2.4,3.0,3.4,3.4,4.0,3.7,4.0,4.0,1.4,2.4,2.7,3.4,2.7,4.0,2.4,3.0,3.4,2.4,2.7,3.7,3.0,2.4,3.4,2.7,3.0,3.7,2.4,2.7,4.0,1.7,3.06
317,2.0,2.7,3.0,3.7,3.4,3.4,3.4,3.7,2.4,2.4,3.0,3.7,2.0,3.0,3.0,3.4,3.4,3.4,2.0,3.4,3.0,3.0,3.4,2.7,2.4,3.4,3.4,3.0,2.7,2.0,3.4,4.0,2.0,3.033
318,3.4,3.0,4.0,3.7,4.0,3.4,3.7,4.0,3.7,3.0,3.4,3.7,2.0,2.4,4.0,3.7,3.4,3.4,3.0,3.4,3.7,3.7,4.0,3.0,2.4,3.7,4.0,3.4,3.4,3.0,3.7,4.0,3.4,3.476
319,1.4,1.0,3.7,1.0,2.0,1.7,3.0,1.4,1.4,1.0,1.0,3.4,1.0,4.0,3.0,1.4,2.0,1.7,3.0,1.7,3.0,1.0,3.0,2.7,1.0,2.7,1.7,2.4,2.4,1.7,1.7,4.0,2.0,2.191
320,1.0,1.4,1.0,2.0,2.0,1.0,3.0,1.0,1.0,1.4,1.0,3.7,1.0,1.0,3.4,3.4,1.0,2.0,1.0,3.4,3.0,1.7,3.4,3.0,2.0,3.0,2.7,3.0,2.7,1.4,2.4,4.0,2.0,2.266
321,2.7,3.4,3.4,2.0,3.7,3.0,3.7,4.0,3.7,3.4,3.7,4.0,3.0,2.7,3.7,3.7,4.0,2.7,3.0,4.0,4.0,3.0,3.7,3.0,2.4,3.4,3.4,3.7,3.7,2.0,3.4,4.0,3.0,3.33
322,2.0,4.0,1.0,3.0,3.7,3.7,2.0,1.7,1.4,1.7,1.0,1.4,1.0,1.0,1.0,1.7,1.7,1.7,1.0,2.0,3.0,1.0,1.0,2.0,2.0,1.7,1.4,1.4,1.0,1.0,2.0,3.7,2.0,1.886
323,1.7,2.7,3.4,2.0,3.7,1.7,3.4,2.4,3.4,2.7,3.0,4.0,1.0,1.4,3.4,3.4,3.4,3.0,2.7,3.4,3.0,1.7,3.0,3.4,1.7,3.4,3.4,3.0,3.4,1.0,3.7,4.0,2.7,2.914
324,1.0,1.4,3.0,1.4,2.0,1.0,3.4,1.0,1.7,1.0,1.4,3.4,1.0,3.4,2.0,2.4,1.7,2.7,1.0,2.0,1.0,3.7,2.0,2.0,1.0,2.4,1.0,2.0,1.4,3.7,1.7,3.0,2.0,2.028
325,3.0,3.4,4.0,3.7,4.0,4.0,3.7,4.0,3.0,3.4,3.7,4.0,4.0,3.0,4.0,3.7,3.7,3.7,3.7,3.7,3.4,3.0,4.0,3.0,3.0,3.7,3.7,4.0,4.0,3.0,3.7,4.0,3.0,3.574
326,1.0,2.0,1.0,1.0,2.0,2.7,3.0,1.0,1.7,1.0,1.0,2.0,1.0,1.0,2.0,2.0,2.4,2.4,1.7,2.0,2.0,1.0,3.0,1.7,1.4,2.7,3.0,1.4,3.7,1.4,1.7,3.7,2.4,1.955
327,1.0,2.0,1.0,1.0,2.0,1.7,2.4,3.0,2.0,3.4,2.0,2.0,1.0,1.4,3.0,2.0,1.4,2.7,2.7,2.0,2.0,1.4,2.4,2.7,2.0,2.7,1.0,1.4,1.7,2.4,1.0,3.4,2.0,2.003
328,2.4,2.7,2.4,3.0,3.7,1.7,3.7,4.0,3.0,2.4,1.7,3.4,3.4,3.4,3.7,3.7,3.4,4.0,3.4,3.4,3.7,3.0,3.7,2.7,2.4,3.7,2.7,3.0,3.7,1.0,3.7,4.0,3.7,3.259
329,2.4,3.7,4.0,3.0,4.0,3.0,2.7,4.0,3.0,3.7,4.0,3.0,4.0,3.0,4.0,3.4,4.0,2.0,4.0,4.0,3.0,4.0,4.0,2.7,3.4,4.0,3.4,4.0,4.0,3.7,4.0,4.0,3.7,3.641
330,1.0,2.4,3.4,1.4,2.7,1.7,4.0,3.7,1.4,1.0,1.7,3.7,2.4,2.7,3.4,3.0,3.0,2.0,1.7,3.4,3.0,3.0,3.4,2.7,1.0,2.7,2.0,3.0,2.7,1.7,2.7,4.0,2.7,2.599
331,2.4,2.7,2.4,1.7,2.7,2.7,3.0,2.4,2.0,1.7,1.4,2.4,1.0,1.4,2.7,2.4,3.0,2.4,1.0,3.0,3.0,1.0,1.7,1.4,1.4,3.0,1.7,2.7,2.0,1.0,1.4,3.7,1.0,2.188
332,2.0,1.7,2.4,1.7,2.4,1.4,3.7,2.4,1.4,3.4,2.7,3.4,1.7,2.7,3.7,2.0,3.0,2.7,2.4,3.0,2.0,1.7,3.4,2.0,1.7,3.0,2.0,3.4,3.4,1.7,3.4,4.0,2.0,2.716
333,3.0,2.0,2.7,2.4,3.7,2.0,3.4,3.4,3.0,2.7,2.7,3.7,1.0,2.4,3.7,3.4,2.0,3.7,2.0,2.4,2.7,2.4,3.4,2.7,1.4,3.0,2.7,3.0,2.7,1.0,1.7,3.7,2.4,2.619
334,2.0,2.7,2.7,3.0,3.4,2.0,3.4,3.7,2.4,2.7,3.7,3.7,3.4,2.4,3.4,3.7,3.0,2.4,2.0,3.4,3.7,3.0,3.0,2.7,2.0,3.4,2.0,3.4,3.4,1.7,3.7,4.0,2.7,2.995
335,1.0,1.7,1.0,1.4,2.4,2.7,2.7,1.7,1.4,1.0,1.0,2.0,1.0,1.0,2.4,2.4,2.0,2.0,1.0,2.4,3.7,1.0,2.7,2.0,1.7,1.7,1.4,1.7,3.7,1.4,1.7,4.0,1.4,1.936
336,3.4,3.4,4.0,2.4,3.7,3.0,3.4,3.4,3.7,4.0,4.0,3.7,2.7,3.0,4.0,3.7,4.0,2.4,4.0,4.0,4.0,4.0,4.0,3.0,4.0,3.4,3.0,4.0,3.4,3.7,4.0,4.0,2.7,3.615
337,3.0,2.7,1.4,2.0,2.4,1.4,3.4,3.0,1.4,2.4,3.0,3.4,1.7,1.4,2.7,2.7,2.4,2.4,1.7,2.0,3.4,1.7,3.4,1.0,1.0,3.4,1.7,2.0,3.0,1.4,2.4,4.0,2.4,2.488
338,3.7,4.0,3.0,3.4,4.0,2.7,3.0,4.0,3.0,2.7,3.4,3.0,3.4,3.0,3.7,3.4,4.0,2.4,3.4,3.7,3.7,3.7,3.7,2.7,2.7,3.7,3.4,3.4,3.7,2.0,3.4,4.0,3.4,3.408
339,1.0,1.0,3.0,1.7,2.4,3.0,2.7,2.4,2.0,1.4,1.7,2.7,1.0,1.7,3.4,3.0,1.4,2.0,2.0,2.7,2.0,1.4,3.4,3.0,2.0,3.4,3.0,3.0,3.0,1.4,2.7,4.0,2.7,2.49
340,1.0,1.0,3.0,2.4,1.0,2.7,3.0,2.7,2.7,1.0,1.7,2.4,2.0,0.0,1.4,2.0,1.7,1.0,1.4,1.4,3.0,1.0,1.0,1.4,0.0,3.0,3.0,1.0,2.0,2.4,1.0,2.0,0.0,1.804
341,2.0,2.7,3.0,2.4,3.4,2.7,3.4,3.0,3.0,1.4,2.7,2.4,3.0,1.0,3.4,3.7,2.7,1.7,2.7,3.0,3.7,2.0,3.7,3.0,2.4,3.0,3.4,3.0,2.0,3.0,2.0,4.0,2.4,2.88
342,2.7,3.7,4.0,3.4,3.7,3.0,3.4,4.0,3.7,3.4,4.0,3.7,3.4,2.4,3.4,3.0,4.0,2.7,3.0,3.7,3.4,3.7,2.7,2.4,2.4,3.4,1.0,2.0,3.0,2.4,2.7,4.0,3.0,3.184
343,2.4,3.0,2.7,3.0,4.0,2.0,3.7,3.4,3.0,2.7,3.4,3.7,1.4,2.0,3.4,1.7,3.0,1.4,2.0,3.0,3.7,2.7,3.4,2.0,2.4,3.4,3.0,3.0,3.0,1.7,2.7,4.0,3.4,2.984
344,3.4,3.0,2.7,3.4,2.7,3.0,3.0,2.7,1.7,1.4,1.7,2.7,1.4,2.7,3.0,3.0,3.0,2.7,1.0,3.4,2.4,1.7,3.0,2.0,1.7,2.7,1.4,1.0,1.7,1.0,2.7,3.4,1.4,2.384
345,1.7,1.7,1.0,2.0,2.7,1.4,3.0,1.4,3.0,1.4,1.4,3.0,3.0,2.7,3.4,2.7,1.4,2.4,2.0,3.4,2.0,1.7,2.0,1.7,1.4,2.0,1.0,3.7,1.7,1.4,2.0,4.0,2.0,2.236
346,2.4,3.0,3.7,4.0,4.0,3.4,3.7,4.0,2.7,2.4,2.7,4.0,2.0,3.0,3.0,2.7,2.7,1.7,2.0,3.4,3.7,2.7,3.7,2.7,2.7,3.0,2.7,4.0,3.0,2.4,3.4,4.0,3.4,3.09
347,3.0,3.0,4.0,3.4,4.0,4.0,3.4,4.0,3.7,2.7,3.7,4.0,4.0,3.0,3.7,3.7,3.7,3.7,4.0,4.0,4.0,3.7,4.0,3.0,4.0,3.7,3.4,4.0,4.0,2.7,3.7,4.0,3.4,3.689
348,1.0,1.0,1.0,1.0,1.7,1.7,1.7,2.4,2.0,1.0,2.7,3.4,1.0,1.0,1.7,3.0,3.0,1.7,2.0,2.0,1.4,1.0,2.0,1.4,2.0,2.0,3.7,4.0,3.7,3.0,2.7,4.0,1.4,2.084
349,3.0,2.0,3.4,3.4,4.0,3.4,3.7,3.4,3.4,2.7,3.4,4.0,3.0,3.0,4.0,4.0,2.7,3.0,3.4,3.7,3.7,3.0,3.7,3.0,3.0,3.4,3.4,4.0,3.7,2.4,4.0,4.0,2.7,3.396
350,3.4,3.7,4.0,3.4,3.7,4.0,3.4,3.7,4.0,3.4,4.0,3.7,3.7,3.0,4.0,3.7,3.7,4.0,4.0,4.0,3.7,3.4,4.0,2.0,4.0,3.0,2.4,4.0,4.0,3.4,3.7,4.0,3.7,3.651
351,4.0,3.7,4.0,3.4,3.4,3.4,3.7,3.4,4.0,4.0,4.0,4.0,4.0,3.4,4.0,4.0,3.7,3.0,3.7,4.0,3.4,4.0,4.0,3.0,3.0,3.7,3.0,4.0,4.0,3.0,4.0,4.0,3.7,3.714
352,1.0,1.4,2.7,2.4,1.4,1.0,2.7,1.0,2.0,1.4,1.7,2.7,1.0,4.0,1.7,1.7,1.4,1.7,1.0,2.0,2.0,1.0,1.0,1.4,0.0,3.0,1.0,2.4,2.0,2.4,1.0,4.0,1.4,1.713
353,3.0,4.0,4.0,3.0,3.4,4.0,3.4,2.7,4.0,4.0,4.0,3.7,3.7,3.4,3.4,2.7,4.0,4.0,4.0,3.7,4.0,4.0,3.7,2.4,3.4,3.4,2.0,3.4,4.0,3.7,2.7,4.0,2.7,3.387
354,2.4,3.4,3.7,3.4,4.0,4.0,3.4,4.0,3.0,2.7,4.0,3.4,3.0,3.4,3.7,3.4,4.0,3.4,3.4,4.0,3.7,3.0,4.0,2.7,3.4,3.7,3.7,4.0,3.0,2.7,4.0,4.0,3.0,3.492
355,3.0,3.0,3.7,3.7,3.4,3.7,3.4,4.0,2.7,3.0,3.4,4.0,2.7,3.0,3.4,3.4,3.4,3.0,3.0,3.4,3.7,3.7,4.0,3.0,2.4,3.7,3.7,4.0,4.0,2.0,3.4,4.0,3.4,3.392
356,3.4,3.4,4.0,3.0,3.0,3.0,3.0,4.0,3.0,4.0,3.4,4.0,3.7,4.0,3.4,3.4,2.7,3.0,3.7,4.0,3.4,4.0,3.7,2.7,3.7,3.4,3.4,4.0,3.4,3.4,3.4,4.0,3.7,3.451
357,3.0,3.7,4.0,3.7,3.7,3.7,3.4,4.0,3.0,3.4,3.7,3.7,4.0,3.7,4.0,4.0,3.4,3.0,3.7,4.0,3.7,4.0,4.0,2.7,3.7,4.0,3.7,4.0,4.0,3.4,4.0,4.0,3.4,3.694
358,2.0,3.0,4.0,3.4,4.0,3.7,3.0,4.0,3.0,2.7,2.7,3.7,2.0,3.0,3.7,2.7,3.4,2.0,3.0,3.7,3.0,3.0,3.7,2.7,3.0,3.4,3.7,3.7,3.7,2.4,3.7,4.0,2.7,3.253
359,3.7,3.7,4.0,3.4,4.0,4.0,3.4,4.0,3.4,3.4,4.0,4.0,4.0,4.0,4.0,3.7,4.0,4.0,4.0,4.0,3.7,3.7,3.7,3.0,4.0,4.0,4.0,4.0,4.0,3.4,4.0,4.0,3.7,3.806
360,3.7,4.0,3.4,3.4,4.0,3.4,3.4,4.0,3.7,3.4,4.0,4.0,3.4,3.4,3.7,3.7,3.7,3.0,3.4,4.0,4.0,3.7,3.4,2.7,3.0,3.0,3.4,4.0,4.0,2.4,3.4,4.0,3.0,3.477
361,1.4,2.7,2.7,3.4,3.7,4.0,3.0,3.7,2.0,2.7,3.0,3.4,3.4,4.0,4.0,3.4,3.4,2.4,3.4,4.0,3.0,3.0,4.0,3.0,3.0,3.7,3.0,4.0,4.0,2.4,4.0,4.0,3.7,3.389
362,3.4,4.0,4.0,4.0,4.0,3.7,3.4,4.0,4.0,3.7,4.0,4.0,3.7,4.0,4.0,4.0,4.0,3.7,4.0,4.0,3.4,4.0,4.0,3.0,4.0,4.0,4.0,4.0,4.0,3.7,4.0,4.0,3.4,3.82
363,1.0,2.4,2.7,2.4,3.7,2.0,3.0,3.4,1.0,3.4,2.7,4.0,3.0,3.4,3.7,3.4,3.0,3.0,2.4,3.7,3.0,3.0,4.0,3.0,3.0,3.4,3.4,3.7,2.4,3.0,2.7,4.0,2.4,3.063
364,2.7,1.4,3.7,3.0,4.0,2.0,3.0,3.7,2.4,2.0,3.0,4.0,2.0,2.4,3.7,4.0,3.0,3.0,2.4,4.0,2.0,2.4,4.0,3.4,2.4,3.7,3.4,4.0,4.0,2.4,3.4,4.0,3.7,3.226
365,3.0,3.7,4.0,2.7,4.0,4.0,3.7,4.0,3.7,3.0,3.7,3.7,4.0,3.7,4.0,3.7,4.0,2.4,4.0,4.0,3.7,4.0,4.0,2.7,4.0,3.7,4.0,3.7,4.0,4.0,4.0,4.0,4.0,3.721
366,2.7,3.4,4.0,4.0,4.0,4.0,3.4,4.0,3.7,3.7,4.0,3.7,3.4,4.0,4.0,4.0,4.0,4.0,4.0,4.0,3.7,4.0,4.0,3.0,4.0,4.0,4.0,4.0,4.0,3.4,4.0,4.0,3.7,3.795
367,2.7,3.4,4.0,3.4,3.7,2.7,3.0,4.0,3.0,2.7,3.4,4.0,2.0,3.0,3.7,3.7,3.7,3.0,3.7,4.0,3.0,3.0,4.0,3.0,3.0,4.0,4.0,3.7,4.0,3.4,3.7,4.0,3.7,3.485
368,3.4,4.0,4.0,3.4,4.0,3.7,3.7,3.0,4.0,4.0,4.0,3.4,2.0,1.0,3.4,3.0,3.7,2.4,3.4,3.7,3.4,3.7,3.0,3.0,3.4,3.7,4.0,4.0,3.7,3.0,2.4,4.0,2.4,3.437
369,1.4,3.7,3.0,3.4,2.0,1.7,3.4,2.4,2.0,1.4,1.4,3.0,4.0,1.0,3.0,2.7,2.0,2.4,2.0,2.4,2.7,1.0,3.7,2.7,2.0,2.7,2.0,3.7,1.4,2.4,3.0,4.0,2.0,2.512
370,2.0,3.4,4.0,3.7,4.0,4.0,3.7,4.0,3.4,3.4,3.7,4.0,2.7,3.7,3.7,4.0,3.7,3.0,3.7,4.0,3.0,2.4,4.0,2.7,3.7,4.0,4.0,4.0,4.0,3.0,4.0,4.0,3.0,3.618
371,2.4,3.4,3.0,3.0,4.0,3.4,3.4,4.0,3.0,4.0,3.7,4.0,2.7,3.4,4.0,4.0,4.0,2.4,4.0,3.7,3.4,3.7,4.0,3.0,3.7,4.0,4.0,4.0,4.0,3.7,4.0,4.0,3.4,3.631
372,3.7,3.0,3.7,4.0,4.0,3.7,3.7,4.0,3.4,3.0,3.4,3.4,3.0,3.4,4.0,4.0,4.0,3.4,4.0,3.7,3.4,4.0,4.0,3.0,3.7,4.0,4.0,4.0,4.0,3.7,4.0,4.0,3.7,3.707
373,2.4,2.4,3.0,2.4,4.0,3.0,3.4,4.0,2.4,1.4,1.4,4.0,3.4,3.7,3.7,3.7,2.7,3.7,2.7,3.4,2.7,2.7,3.7,3.0,2.4,3.4,3.7,3.7,3.4,2.7,3.4,4.0,3.0,3.156
374,2.0,3.4,4.0,3.4,4.0,3.0,3.4,3.4,2.7,2.4,3.4,3.7,3.7,3.4,3.4,3.7,3.4,3.7,3.4,3.7,3.4,3.4,3.7,2.7,3.0,3.7,4.0,4.0,4.0,2.7,4.0,4.0,3.7,3.491
375,1.0,2.0,3.0,2.7,2.7,2.7,3.4,4.0,1.4,2.0,1.7,3.4,1.7,2.7,3.0,3.4,2.0,3.0,2.4,3.0,2.4,1.4,3.4,2.4,2.7,3.0,2.4,3.4,3.4,2.7,1.0,3.7,1.4,2.478
376,2.4,2.0,3.7,3.4,4.0,3.4,3.7,4.0,3.0,3.0,3.7,3.4,3.4,3.7,3.7,3.7,3.7,3.0,3.7,4.0,3.4,3.7,3.7,3.0,3.4,4.0,3.7,4.0,4.0,3.0,3.7,4.0,3.7,3.554
377,3.4,1.0,1.7,2.0,3.4,1.4,3.7,2.4,1.7,2.0,1.7,3.0,1.0,1.0,3.4,2.7,1.7,2.4,2.0,3.7,3.7,2.0,3.4,2.4,1.7,3.4,3.0,3.7,2.0,2.0,2.0,3.7,2.4,2.557
378,1.0,2.0,4.0,2.0,2.7,2.7,2.7,2.4,1.4,2.7,2.0,2.4,3.7,2.0,3.0,2.7,1.7,3.0,1.0,2.7,2.7,1.4,2.7,2.4,1.0,2.0,3.0,4.0,2.0,1.4,2.4,4.0,2.0,2.525
379,4.0,3.7,4.0,3.4,4.0,3.4,3.4,4.0,3.0,4.0,4.0,4.0,3.7,3.4,3.4,2.7,3.7,4.0,2.7,4.0,3.7,4.0,4.0,2.4,3.4,3.4,3.4,4.0,4.0,4.0,3.7,4.0,3.4,3.621
380,2.4,3.4,3.7,3.4,3.7,2.7,3.4,4.0,3.4,2.0,3.4,3.7,1.4,3.0,3.7,4.0,3.4,2.7,3.4,3.7,3.0,3.7,3.7,2.7,3.0,3.7,3.7,4.0,4.0,3.7,4.0,4.0,3.4,3.442
381,3.0,3.7,1.0,1.7,2.7,3.0,3.7,2.0,3.0,1.7,3.0,3.4,3.4,4.0,2.7,3.0,1.4,2.0,1.7,2.0,3.4,1.0,3.4,2.7,1.4,3.0,3.0,4.0,2.7,2.7,2.7,4.0,2.7,2.8
382,1.0,2.0,1.0,1.0,3.0,2.7,3.4,1.4,1.0,1.0,1.4,3.0,1.7,3.7,1.7,3.0,2.7,1.0,2.0,1.7,2.0,2.0,1.0,3.0,0.0,3.0,1.7,3.0,0.0,2.4,1.0,2.4,1.7,1.826
383,3.0,3.4,1.0,1.7,3.7,2.4,3.4,1.7,2.4,2.4,2.0,3.7,1.7,1.0,3.4,3.4,1.4,3.7,2.0,2.4,3.4,3.4,3.4,3.0,2.7,3.4,3.0,4.0,3.7,2.0,2.0,4.0,2.0,2.851
384,3.0,1.7,3.0,3.4,4.0,2.4,3.7,3.7,2.7,1.7,2.4,3.7,2.4,3.0,3.7,3.4,2.0,2.7,2.0,2.7,3.7,1.4,3.7,2.7,2.0,3.7,3.4,3.7,3.0,1.7,2.7,4.0,2.7,2.931
385,1.7,2.0,2.0,2.7,2.7,2.0,3.4,2.7,2.0,2.4,3.0,3.4,1.0,1.7,3.4,3.0,2.4,2.4,2.4,2.4,2.4,1.7,4.0,2.7,2.0,3.0,3.0,4.0,3.7,2.4,3.0,4.0,2.4,2.793
386,1.0,2.4,2.0,1.7,2.7,1.7,2.4,3.0,1.7,4.0,2.7,2.7,2.7,2.0,3.0,3.0,1.4,3.0,2.0,3.0,1.7,2.0,1.7,2.0,1.7,3.4,2.4,4.0,3.0,2.7,2.7,4.0,2.4,2.611
387,1.0,1.0,1.7,3.0,1.0,1.7,3.0,1.0,2.0,1.0,1.0,1.7,1.0,3.0,1.7,1.4,1.0,1.7,1.7,2.0,2.4,1.4,1.0,1.7,1.0,2.4,3.0,1.4,1.7,1.4,1.7,2.0,0.0,1.658
388,1.0,2.4,1.7,1.0,2.7,3.0,3.7,2.0,3.4,1.7,2.4,3.7,1.7,3.7,3.0,3.7,2.7,2.0,2.7,2.4,3.4,1.0,3.4,2.4,2.0,3.0,2.7,3.7,3.4,1.0,2.0,4.0,1.7,2.559
389,3.4,3.0,4.0,2.7,3.4,3.4,3.4,4.0,3.0,2.7,3.0,3.7,3.0,3.4,3.7,3.4,3.0,2.7,3.0,2.7,3.4,3.0,3.7,2.4,2.7,3.7,3.0,4.0,3.7,2.7,3.4,4.0,3.0,3.245
390,2.0,2.0,3.0,2.7,3.4,2.7,2.7,3.4,2.0,1.7,3.4,3.4,1.4,1.7,3.4,3.7,2.7,3.7,1.4,2.7,2.0,2.0,3.0,2.4,1.7,3.0,2.4,4.0,2.7,2.0,2.4,4.0,2.0,2.75
391,2.4,1.4,3.0,2.4,3.7,2.7,3.4,3.0,2.0,1.4,3.0,4.0,1.0,1.7,3.7,3.4,2.4,3.0,3.4,3.4,3.4,2.4,3.0,3.7,2.0,3.7,4.0,4.0,3.0,3.0,3.4,4.0,3.4,3.037
392,3.0,3.7,4.0,2.0,4.0,3.7,3.0,4.0,3.0,3.0,3.7,2.4,3.7,3.0,3.4,3.7,2.7,3.0,4.0,4.0,2.7,3.0,3.4,3.0,3.0,4.0,3.7,4.0,3.7,3.7,4.0,4.0,3.0,3.395
393,1.0,2.7,3.0,3.4,3.4,3.0,3.0,3.4,1.4,2.0,2.4,3.7,1.7,1.7,3.7,3.4,2.0,3.0,1.7,3.4,2.7,1.7,3.4,3.7,2.7,3.4,2.0,3.0,3.0,1.0,1.7,4.0,2.7,2.793
394,2.7,2.4,3.4,4.0,3.0,2.0,3.4,3.0,2.7,1.7,3.0,3.7,1.7,1.7,3.4,3.4,3.0,3.4,2.4,3.7,3.7,2.7,4.0,3.7,2.0,3.7,3.4,4.0,3.4,1.7,3.4,4.0,3.0,3.136
395,2.0,3.4,2.7,3.0,3.4,2.4,3.4,4.0,2.0,1.0,1.7,3.7,1.0,2.0,3.7,3.7,3.7,2.4,3.0,3.7,3.4,3.0,3.7,3.4,1.7,3.0,3.0,3.7,3.4,2.4,3.7,4.0,3.7,3.094
396,2.7,2.7,3.0,3.0,4.0,1.4,3.7,3.4,2.4,2.0,3.0,4.0,2.7,1.7,3.4,4.0,3.4,4.0,2.0,4.0,3.7,2.4,3.4,3.7,1.7,4.0,3.7,3.4,3.4,2.0,3.7,4.0,3.0,3.155
397,1.7,2.4,2.7,1.7,1.7,1.7,3.0,1.4,1.4,1.0,1.4,3.4,1.4,1.0,2.7,2.0,2.0,2.0,1.4,2.0,3.0,1.0,0.0,3.0,2.0,1.7,4.0,4.0,1.7,2.7,1.0,4.0,1.0,2.128
398,1.7,3.0,4.0,3.7,3.7,2.7,3.4,4.0,1.7,2.0,3.0,4.0,2.4,2.7,4.0,3.4,2.7,2.7,2.4,4.0,3.7,2.4,3.7,3.4,1.7,3.7,3.7,4.0,3.0,2.0,3.7,4.0,3.0,3.205
399,1.0,1.7,3.0,3.0,3.0,2.7,2.7,3.7,2.4,2.0,3.0,3.0,1.0,1.7,3.0,2.4,2.4,1.7,3.0,2.7,2.4,1.4,2.0,3.0,2.0,2.7,3.4,4.0,2.7,2.7,2.4,4.0,2.0,2.574
400,1.0,2.7,1.0,2.4,3.0,3.0,3.0,3.4,3.4,2.4,2.7,3.0,1.4,2.4,2.7,2.7,2.7,2.4,3.0,2.7,2.0,2.0,2.4,3.0,1.7,2.4,3.0,3.7,2.0,1.0,2.0,4.0,1.4,2.451
401,1.0,1.0,2.7,1.0,2.7,1.7,3.0,3.0,3.0,1.0,1.7,2.4,2.4,4.0,3.0,2.0,1.7,1.4,1.7,3.0,2.4,1.7,3.0,3.0,1.7,1.7,2.7,4.0,1.7,1.7,2.0,3.4,1.7,2.321
402,2.7,1.4,1.4,1.0,4.0,2.4,3.7,3.4,2.0,1.4,2.0,3.4,2.0,1.0,2.7,3.4,2.0,3.0,1.4,3.4,3.0,1.7,3.0,3.4,1.4,2.0,2.4,2.7,2.0,1.0,1.7,4.0,2.0,2.378
403,1.0,1.0,3.0,1.4,1.7,3.0,3.0,1.4,1.4,1.0,1.7,3.4,3.0,2.4,2.4,3.0,1.4,2.4,2.0,3.0,2.7,1.0,3.4,2.7,1.4,2.0,3.0,4.0,2.7,1.0,2.0,4.0,2.0,2.328
404,1.0,1.7,1.0,1.7,2.0,2.0,3.4,3.0,1.7,1.4,1.7,3.4,2.4,2.0,3.0,3.4,2.7,3.0,2.0,3.0,3.4,2.0,3.0,1.7,1.7,2.7,3.0,4.0,3.0,2.0,3.0,4.0,1.4,2.548
405,1.4,2.0,2.7,2.4,2.7,2.7,3.0,4.0,3.4,2.0,3.4,2.7,3.0,2.7,3.0,2.4,2.4,3.0,2.0,4.0,2.0,2.0,3.7,1.7,2.4,2.0,3.0,4.0,2.0,1.0,2.4,4.0,2.0,2.636
406,2.7,2.7,3.4,3.0,3.4,3.4,3.4,4.0,2.7,3.4,3.0,3.7,3.4,3.0,3.4,3.0,2.7,3.7,3.4,4.0,3.0,1.7,3.4,3.0,2.7,3.4,3.0,4.0,3.7,2.7,2.4,4.0,2.7,3.229
407,1.0,1.0,3.0,3.0,3.0,2.0,3.0,3.4,1.0,1.7,2.0,3.7,1.4,2.7,2.7,3.4,2.4,3.7,2.0,3.4,3.0,2.4,3.4,3.4,1.7,3.0,2.7,4.0,3.0,1.7,3.4,4.0,3.0,2.779
408,1.0,2.0,1.0,1.4,2.4,2.7,3.0,1.4,1.4,3.0,1.4,2.0,3.7,2.4,2.4,2.0,1.4,1.4,1.4,2.7,3.4,1.7,3.4,2.7,1.4,4.0,2.0,3.7,1.7,1.7,1.7,4.0,2.0,2.343
409,3.0,3.0,1.0,4.0,2.0,1.7,3.7,2.0,2.0,1.0,1.0,2.4,3.0,1.0,2.4,1.0,2.4,2.4,1.0,3.4,3.4,2.7,2.4,2.4,2.4,4.0,1.7,3.4,1.0,3.0,1.7,4.0,1.4,2.274
410,1.0,1.0,1.0,1.4,1.7,3.0,2.4,2.4,1.0,1.0,1.0,3.0,3.7,1.0,2.4,1.7,4.0,1.4,1.4,2.0,2.0,2.0,2.4,2.4,1.4,3.0,1.4,3.7,3.4,3.0,1.4,1.0,1.7,2.04
411,1.4,1.4,2.0,1.0,2.0,2.0,2.7,2.4,1.4,1.4,2.0,1.7,1.0,1.0,2.4,2.4,2.7,1.4,1.7,3.0,3.0,2.0,1.7,2.4,1.7,1.4,1.0,3.7,3.0,2.0,1.4,4.0,1.4,2.034
412,1.4,3.7,2.7,2.0,2.7,2.4,3.7,3.0,2.7,1.7,2.4,2.4,3.0,2.0,2.4,2.7,3.0,2.0,2.4,2.4,3.7,3.0,2.0,2.7,1.4,2.7,2.0,4.0,2.0,1.4,1.0,4.0,1.7,2.505
413,1.4,1.0,2.0,1.0,1.7,3.4,3.0,1.4,3.0,2.0,1.0,3.0,1.0,1.0,3.0,2.7,2.4,3.4,1.7,3.4,2.0,2.0,2.7,2.4,1.0,1.7,1.7,3.7,2.0,1.0,2.4,4.0,3.0,2.26
414,1.0,3.4,3.7,2.0,2.0,4.0,3.0,3.7,2.4,2.0,3.4,3.0,2.7,3.0,3.4,2.7,4.0,1.7,3.7,4.0,3.0,3.4,4.0,2.7,3.7,3.0,2.4,4.0,2.7,3.4,2.4,4.0,1.7,3.103
415,1.0,2.0,3.0,1.0,2.7,1.7,3.0,2.7,1.4,1.0,1.0,2.0,1.7,1.4,1.4,3.0,1.7,2.4,1.4,2.4,1.4,1.4,1.7,1.4,1.7,2.0,1.7,3.4,3.4,1.4,1.0,3.4,2.0,1.951
416,2.0,1.4,1.0,1.7,3.0,2.4,3.4,2.7,2.0,2.0,3.0,3.4,2.0,2.0,3.7,3.0,3.0,2.0,2.0,3.0,3.0,2.0,3.7,3.0,2.7,3.7,3.0,3.4,3.0,2.4,3.0,4.0,2.7,2.773
417,3.7,4.0,2.4,4.0,4.0,3.0,3.7,3.4,3.0,1.7,1.7,3.4,4.0,3.0,3.4,3.7,2.0,2.0,3.4,2.7,4.0,3.7,3.4,3.4,2.4,3.0,3.4,4.0,4.0,3.4,3.0,4.0,3.0,3.334
418,4.0,3.7,2.4,4.0,4.0,3.0,4.0,4.0,3.0,3.4,2.4,3.7,3.0,3.7,4.0,3.4,3.4,2.7,3.0,4.0,3.4,2.7,3.7,3.0,2.7,3.4,3.0,4.0,4.0,2.7,4.0,4.0,3.4,3.476
419,4.0,4.0,3.4,4.0,4.0,2.7,4.0,4.0,3.4,4.0,3.0,4.0,4.0,3.7,4.0,3.7,4.0,4.0,4.0,4.0,3.7,3.4,4.0,2.7,3.7,3.7,3.0,4.0,4.0,3.7,4.0,4.0,3.7,3.765
420,4.0,4.0,2.4,4.0,2.4,3.4,3.7,4.0,3.7,3.4,2.4,4.0,4.0,3.7,3.4,3.4,2.0,2.4,3.7,3.7,4.0,2.4,3.4,3.4,2.7,3.7,2.4,4.0,3.4,2.0,3.0,4.0,3.7,3.356
421,3.7,3.4,2.7,4.0,4.0,3.0,4.0,4.0,3.0,3.0,2.0,4.0,3.7,3.0,3.4,3.4,3.0,3.0,3.0,3.4,3.4,3.0,3.4,3.0,2.4,3.0,3.0,4.0,3.7,2.4,3.4,4.0,2.7,3.29
422,1.4,1.4,2.7,1.7,1.4,2.4,2.7,1.0,1.7,2.4,1.0,2.7,1.0,3.4,1.7,1.0,1.7,1.7,1.7,2.0,3.0,1.0,2.4,2.4,2.7,1.0,1.0,3.0,1.0,0.0,2.0,1.4,2.7,1.949
423,1.0,1.4,1.0,1.0,1.7,2.0,2.4,2.7,2.0,2.0,1.0,2.7,1.7,1.0,2.4,3.4,1.4,3.0,1.4,2.7,3.0,2.7,0.0,3.0,2.0,1.4,3.0,2.4,0.0,1.0,1.0,1.0,1.0,1.747
424,1.7,1.4,2.7,2.4,1.4,1.7,3.7,1.7,1.4,1.4,1.4,1.4,1.4,1.4,1.4,1.4,1.4,1.4,1.4,3.0,2.0,1.4,1.7,2.0,1.4,3.0,3.0,1.0,2.4,2.0,1.0,0.0,2.0,1.835
425,3.4,2.4,4.0,3.4,3.7,3.7,3.0,2.0,3.4,3.7,3.0,2.4,3.0,3.4,2.7,3.4,3.4,3.4,3.4,3.0,3.0,3.0,3.7,3.7,2.4,3.0,3.4,3.7,2.7,2.7,2.7,4.0,2.7,3.207
426,4.0,3.7,4.0,3.7,3.7,4.0,2.7,4.0,3.7,3.7,3.7,3.0,4.0,4.0,3.7,4.0,4.0,4.0,3.7,4.0,2.7,4.0,4.0,3.0,3.4,3.7,4.0,3.7,4.0,3.0,3.7,4.0,4.0,3.741
427,4.0,4.0,4.0,4.0,4.0,4.0,4.0,4.0,4.0,4.0,4.0,3.4,4.0,4.0,4.0,4.0,4.0,4.0,4.0,4.0,4.0,4.0,4.0,4.0,4.0,4.0,4.0,4.0,4.0,4.0,4.0,4.0,4.0,3.985
428,3.7,3.0,4.0,3.7,3.7,4.0,3.0,4.0,3.7,2.7,3.0,3.4,4.0,4.0,3.7,3.7,3.7,3.7,3.0,3.7,3.7,3.4,4.0,2.7,3.0,3.4,3.7,3.4,4.0,3.0,3.4,4.0,2.7,3.477
429,3.7,3.0,4.0,3.7,3.7,3.7,3.0,3.0,3.4,2.7,2.0,3.4,4.0,4.0,3.0,3.7,3.7,3.4,2.7,3.0,2.7,3.0,4.0,2.7,2.0,2.4,3.0,2.4,1.4,1.4,1.7,3.0,2.0,2.917
430,4.0,3.4,4.0,3.7,3.4,4.0,3.4,3.7,3.0,3.4,4.0,3.0,4.0,4.0,3.7,4.0,4.0,4.0,3.4,4.0,3.7,3.4,3.7,3.0,3.4,3.4,3.4,2.7,2.7,2.4,3.4,3.7,2.4,3.424
431,2.0,2.0,4.0,3.7,2.7,3.4,2.4,2.0,3.0,2.7,1.0,3.0,1.0,3.0,2.4,3.4,2.4,2.7,1.4,3.0,3.0,2.0,4.0,3.0,2.4,3.4,3.4,3.4,2.7,1.7,2.0,3.7,3.0,2.784
432,3.4,2.4,4.0,3.7,2.7,4.0,3.7,3.4,3.7,2.7,1.4,3.0,2.7,2.0,3.4,3.0,3.0,2.0,2.7,2.7,3.0,2.7,3.4,3.0,2.0,3.0,3.0,2.0,1.0,1.0,1.0,3.7,1.7,2.699
433,3.4,3.0,4.0,3.7,3.0,4.0,3.0,3.0,3.4,3.4,4.0,3.4,4.0,4.0,3.7,4.0,3.7,3.7,3.4,4.0,3.4,3.7,4.0,3.4,3.0,3.7,4.0,3.4,3.4,2.4,3.4,3.7,2.4,3.481
434,3.7,1.7,3.4,4.0,3.0,2.7,3.7,2.0,3.7,1.7,2.4,3.0,3.0,2.0,3.4,3.0,3.4,2.4,2.7,3.0,2.7,3.0,4.0,3.4,2.0,3.7,3.0,2.7,3.0,2.4,2.7,3.7,3.4,3.014
435,4.0,2.7,4.0,4.0,3.0,4.0,3.7,3.0,3.7,3.0,3.7,3.7,3.7,4.0,3.7,4.0,3.4,3.7,3.4,2.7,4.0,3.7,4.0,3.7,2.7,3.7,4.0,3.4,3.0,2.7,3.4,4.0,3.0,3.559
436,4.0,3.0,4.0,3.4,4.0,4.0,2.4,4.0,4.0,3.0,3.7,3.4,4.0,4.0,3.7,4.0,4.0,4.0,3.7,3.7,2.7,3.7,4.0,3.0,3.4,3.7,4.0,4.0,4.0,3.0,4.0,4.0,4.0,3.73
437,4.0,3.7,4.0,4.0,3.7,4.0,3.0,4.0,4.0,3.0,4.0,3.7,4.0,4.0,4.0,4.0,4.0,4.0,4.0,3.4,3.0,3.7,4.0,3.7,3.4,3.7,4.0,4.0,4.0,3.4,4.0,4.0,4.0,3.831
438,3.7,1.0,4.0,3.4,3.0,4.0,3.4,3.0,3.7,3.4,3.0,3.0,2.7,3.7,3.0,4.0,4.0,3.4,3.0,3.4,3.4,3.0,3.7,3.4,2.7,3.4,3.7,3.7,2.7,2.7,1.7,3.4,2.0,3.219
439,3.4,2.4,4.0,3.7,3.4,3.7,2.7,3.7,3.7,3.0,4.0,3.0,2.4,2.7,3.4,4.0,3.4,3.4,3.4,3.4,3.0,3.4,4.0,2.4,2.4,3.4,3.4,2.7,2.0,1.7,2.0,3.0,2.0,3.019
440,4.0,2.7,4.0,3.7,4.0,3.7,3.4,4.0,3.7,3.0,3.7,2.0,3.4,4.0,4.0,4.0,4.0,3.4,4.0,3.7,3.4,4.0,4.0,3.7,3.7,4.0,4.0,4.0,4.0,3.0,4.0,4.0,4.0,3.756
441,4.0,2.0,4.0,4.0,3.0,3.7,3.7,1.7,3.7,2.7,3.0,3.0,2.7,3.7,2.7,3.0,2.7,2.4,2.0,2.4,3.0,2.4,4.0,3.0,2.0,3.0,3.0,2.0,2.4,2.0,1.7,4.0,2.4,2.891
442,3.4,2.0,4.0,2.4,3.7,3.4,4.0,3.4,4.0,3.7,3.4,2.7,2.0,3.7,3.0,3.7,3.4,2.4,2.7,3.0,3.7,3.0,4.0,3.4,3.0,3.0,2.7,3.4,3.4,1.7,3.0,4.0,3.4,3.179
443,4.0,3.0,4.0,3.0,3.0,4.0,3.0,3.7,3.0,3.4,3.4,3.7,3.7,4.0,2.7,3.4,4.0,3.4,2.0,2.0,2.0,3.4,3.4,3.0,2.4,2.7,3.0,3.7,3.7,2.4,2.4,4.0,2.7,3.137
444,3.4,2.4,3.4,3.0,2.0,3.7,3.0,3.0,3.4,2.0,2.4,2.7,2.0,2.4,2.7,3.0,2.7,1.0,1.4,2.0,2.7,1.0,3.0,3.4,2.0,1.7,2.4,2.0,1.0,2.0,1.7,3.0,2.0,2.424
445,3.4,1.4,3.7,3.7,1.7,3.7,3.0,1.0,3.4,1.7,1.7,3.7,1.7,1.0,3.0,3.4,3.0,2.7,2.0,3.0,3.0,1.4,3.7,3.4,2.7,3.4,2.7,3.0,2.0,2.0,2.0,3.4,3.0,2.737
446,3.0,1.0,3.7,1.4,3.0,3.4,2.4,2.4,1.7,1.0,1.7,2.4,4.0,2.4,2.7,2.0,1.7,2.4,3.0,1.7,1.7,1.0,1.0,2.7,1.4,2.0,2.0,2.4,0.0,2.0,1.0,3.0,2.0,1.989
447,2.7,3.7,3.4,1.0,3.0,3.0,1.4,3.4,1.0,2.0,1.4,3.4,2.4,3.4,2.0,1.4,2.4,1.4,3.4,3.0,1.7,2.0,1.0,1.0,1.0,1.0,1.7,2.4,1.4,0.0,0.0,1.7,1.0,1.882
448,3.7,2.0,4.0,4.0,3.7,4.0,3.4,2.7,3.4,3.0,3.0,3.4,2.7,3.4,3.7,4.0,4.0,3.7,2.7,3.7,3.7,3.4,4.0,3.4,3.0,3.4,3.7,3.7,3.4,3.0,4.0,3.4,3.0,3.523
449,4.0,3.7,4.0,4.0,4.0,4.0,3.0,3.7,4.0,4.0,4.0,3.7,4.0,4.0,4.0,4.0,4.0,4.0,4.0,3.7,4.0,4.0,4.0,3.4,4.0,4.0,4.0,4.0,4.0,3.7,4.0,4.0,4.0,3.908
450,4.0,3.4,4.0,4.0,4.0,4.0,3.0,4.0,3.7,4.0,3.7,3.0,3.7,4.0,3.7,3.7,4.0,3.7,3.4,3.7,3.7,3.7,4.0,3.7,3.0,3.4,3.7,4.0,3.4,3.4,3.0,3.7,3.7,3.58
451,2.4,1.0,3.4,2.0,1.4,2.0,1.4,3.0,2.4,1.0,2.0,3.4,2.0,2.4,1.7,2.0,2.7,3.0,3.7,1.0,2.0,1.7,3.7,3.0,2.0,2.0,2.7,2.7,2.4,2.4,2.0,3.4,2.7,2.352
452,4.0,3.4,4.0,2.4,3.4,3.4,4.0,4.0,4.0,4.0,4.0,2.7,4.0,3.0,2.0,4.0,3.7,3.7,2.7,3.0,3.4,2.4,4.0,3.4,2.4,3.4,2.0,3.0,3.4,1.4,3.4,4.0,3.7,3.332
453,3.4,1.0,4.0,4.0,2.7,4.0,2.7,2.7,4.0,3.7,3.0,3.4,1.0,2.7,2.0,3.4,3.7,3.4,2.4,2.7,3.0,3.4,4.0,2.7,3.0,2.7,3.7,4.0,2.7,3.7,1.0,3.0,2.4,2.935
454,3.0,1.4,3.7,3.7,2.0,4.0,2.0,2.7,2.7,2.7,1.0,4.0,2.0,3.0,0.0,0.0,3.0,3.4,1.7,2.0,2.7,2.0,3.4,0.0,1.4,1.7,2.0,2.7,0.0,2.0,1.7,1.7,0.0,1.923
455,4.0,3.0,4.0,3.0,3.0,4.0,3.4,3.0,4.0,4.0,4.0,2.7,2.7,3.0,2.7,2.7,3.7,4.0,2.4,2.0,3.0,4.0,2.4,3.4,2.0,3.0,2.7,3.4,2.0,1.7,1.7,2.4,2.0,2.918
456,3.4,2.0,4.0,2.0,2.0,2.0,2.4,4.0,2.0,1.7,3.4,3.0,2.4,3.0,2.4,3.4,3.0,2.4,2.0,3.0,2.7,1.7,4.0,3.0,2.0,3.0,2.7,1.4,2.0,3.7,2.0,3.7,2.7,2.612
457,1.7,2.4,3.4,1.0,1.4,3.0,3.0,4.0,3.0,2.7,1.7,3.4,1.4,2.4,2.0,2.7,1.7,2.4,2.0,1.4,3.7,3.4,3.4,3.0,4.0,1.7,1.0,2.0,1.0,3.4,1.4,2.7,2.0,2.334
458,2.0,1.0,3.7,3.4,3.7,3.0,3.0,2.7,2.4,1.4,3.4,3.0,1.0,4.0,1.7,2.0,1.7,2.7,2.0,1.7,2.4,1.7,2.7,3.0,3.0,2.0,1.0,2.0,1.7,3.0,1.4,2.0,2.0,2.206
459,4.0,4.0,4.0,4.0,4.0,4.0,3.7,4.0,4.0,3.4,4.0,3.7,3.0,4.0,4.0,4.0,4.0,4.0,4.0,4.0,4.0,4.0,4.0,4.0,4.0,4.0,4.0,4.0,4.0,4.0,4.0,4.0,4.0,3.942
460,3.4,2.7,4.0,4.0,3.0,4.0,3.4,3.0,3.4,3.7,3.4,3.4,2.7,3.7,4.0,4.0,3.4,3.4,3.0,3.4,2.7,3.4,4.0,3.7,3.0,3.4,3.4,3.0,2.7,1.7,3.7,4.0,3.0,3.405
461,4.0,3.7,4.0,4.0,4.0,4.0,3.7,3.4,3.7,4.0,4.0,3.7,4.0,3.7,3.0,4.0,4.0,4.0,4.0,3.7,4.0,4.0,4.0,3.7,3.7,4.0,4.0,4.0,4.0,3.7,4.0,4.0,3.0,3.843
462,4.0,2.0,4.0,4.0,3.0,4.0,3.4,3.4,3.7,3.4,1.7,3.7,3.0,3.4,3.0,3.7,3.7,3.4,2.4,3.0,3.4,3.7,4.0,3.4,3.0,3.4,3.7,3.4,3.0,2.0,3.7,4.0,3.0,3.339
463,4.0,3.4,4.0,4.0,3.7,4.0,4.0,3.7,4.0,4.0,4.0,3.4,3.0,3.7,3.7,4.0,4.0,3.7,3.7,3.0,4.0,4.0,4.0,4.0,3.7,4.0,3.7,4.0,4.0,3.7,3.7,4.0,3.4,3.818
464,4.0,3.4,4.0,4.0,4.0,4.0,2.4,3.4,3.7,2.7,3.0,3.0,4.0,4.0,4.0,4.0,3.7,3.7,3.4,3.7,2.7,3.7,4.0,3.4,3.7,3.4,4.0,3.7,3.0,3.0,3.4,4.0,3.7,3.607
465,3.7,3.0,4.0,3.7,4.0,4.0,2.7,4.0,3.4,2.4,4.0,3.4,3.7,3.7,3.7,3.4,3.7,3.7,3.4,3.4,3.7,3.4,4.0,3.0,3.0,3.7,4.0,3.7,3.4,1.7,3.7,4.0,3.0,3.528
466,3.7,1.7,4.0,4.0,2.7,4.0,2.7,2.7,3.4,3.0,2.0,3.0,2.7,3.7,3.4,4.0,3.4,3.4,2.4,3.4,3.4,3.0,4.0,3.0,2.7,2.7,3.7,3.7,2.7,1.0,3.4,3.7,3.0,3.149
467,2.4,2.7,4.0,3.0,4.0,3.4,2.7,1.0,2.0,2.0,2.0,3.0,2.0,2.0,1.4,1.4,3.0,2.0,2.0,2.0,2.7,2.0,4.0,2.0,1.4,2.0,2.4,1.0,2.4,0.0,1.4,3.4,1.7,2.264
468,1.7,1.0,3.0,2.0,1.0,3.0,2.0,3.7,2.0,1.7,1.4,3.0,2.0,2.0,3.0,1.0,2.7,2.0,3.0,3.0,2.4,3.7,2.4,2.0,0.0,1.7,1.0,1.7,1.0,0.0,1.7,2.0,2.4,2.035
469,4.0,3.7,4.0,4.0,4.0,4.0,3.0,3.7,3.4,3.4,3.7,3.7,3.7,4.0,2.0,4.0,4.0,4.0,3.7,4.0,3.4,4.0,4.0,3.0,3.7,3.7,4.0,3.7,3.7,4.0,3.4,4.0,3.7,3.714
470,2.7,3.0,3.7,2.7,2.7,4.0,3.0,3.0,3.0,2.4,4.0,3.0,3.0,2.0,3.4,2.7,2.7,2.7,1.0,3.0,3.4,3.0,4.0,3.0,1.7,2.7,2.7,1.7,1.0,1.0,2.0,3.4,2.4,2.706
471,3.4,2.0,4.0,4.0,3.7,3.7,2.7,3.4,3.7,1.7,3.0,3.4,3.0,3.4,3.7,4.0,4.0,3.4,3.0,3.0,3.7,2.7,4.0,3.4,2.7,3.7,3.4,3.4,3.0,2.0,3.7,4.0,3.4,3.339
472,3.7,4.0,4.0,4.0,4.0,4.0,3.4,3.7,4.0,4.0,4.0,3.4,4.0,4.0,4.0,4.0,4.0,4.0,4.0,4.0,3.7,4.0,4.0,4.0,4.0,4.0,4.0,4.0,4.0,4.0,3.7,4.0,3.7,3.876
473,3.7,2.0,4.0,4.0,3.0,4.0,3.4,2.0,3.4,2.4,1.0,3.0,3.4,1.7,3.0,3.4,3.4,2.4,1.7,3.4,3.4,3.4,4.0,3.4,2.4,2.7,3.0,3.4,1.7,1.4,3.0,4.0,2.4,3.019
474,3.0,1.0,4.0,3.0,2.7,3.0,3.4,2.0,3.4,2.0,2.4,4.0,1.4,2.4,3.0,3.7,2.7,3.4,3.0,2.7,3.0,3.0,4.0,3.0,2.4,2.7,3.4,2.0,2.0,1.0,2.4,3.7,3.0,2.763
475,3.0,2.0,4.0,3.0,3.4,4.0,2.7,4.0,3.4,3.0,2.7,3.0,3.7,3.0,3.4,3.4,3.7,3.4,2.0,2.7,3.0,3.0,3.7,3.0,2.7,2.7,3.0,3.4,3.0,2.0,2.4,3.4,3.0,3.111
476,2.7,2.7,3.7,4.0,3.0,4.0,3.0,3.4,3.7,3.4,2.7,3.0,4.0,3.0,2.7,3.4,3.0,3.0,1.7,3.4,3.0,3.0,4.0,3.4,3.7,3.0,3.4,3.4,3.0,2.0,3.0,4.0,2.7,3.211
477,2.7,2.7,3.7,1.7,1.7,2.4,2.7,1.0,2.0,1.4,3.4,2.7,2.7,2.0,2.4,2.7,3.0,2.0,1.0,3.0,2.7,2.0,4.0,2.7,1.4,2.0,3.4,2.4,1.4,0.0,2.7,3.0,1.7,2.414
478,3.4,1.7,3.7,4.0,3.0,3.7,3.0,4.0,2.7,1.7,2.4,3.4,1.4,2.0,2.0,3.7,3.0,2.0,1.7,3.0,3.0,1.4,3.4,1.7,2.4,3.0,2.4,3.4,1.7,3.7,2.7,3.0,2.7,2.779
479,3.4,1.0,4.0,3.4,3.0,4.0,3.7,3.4,3.7,3.4,3.0,3.4,2.7,1.4,3.4,3.7,4.0,3.4,3.0,3.4,3.7,3.4,4.0,3.0,2.7,3.7,3.7,3.0,2.0,1.4,1.4,3.0,2.7,3.099
480,2.7,1.4,4.0,3.7,2.4,4.0,3.7,1.0,3.0,2.0,1.7,3.4,1.0,1.0,3.0,3.0,3.0,2.7,1.4,3.0,3.4,1.7,3.0,3.4,2.0,2.7,2.4,2.4,1.7,0.0,1.7,2.0,1.4,2.444
481,2.7,3.7,2.4,1.0,3.0,3.0,3.7,3.7,2.0,1.0,1.0,2.4,1.0,0.0,1.7,1.4,2.0,1.4,3.0,2.7,1.7,1.0,3.0,1.4,0.0,1.7,1.0,2.4,0.0,0.0,0.0,0.0,0.0,1.896
482,3.0,1.4,4.0,3.4,3.7,4.0,3.0,3.4,3.4,3.4,3.0,3.4,3.4,2.0,2.4,3.7,3.4,3.4,2.0,2.7,2.7,2.7,3.4,2.7,2.0,3.0,3.0,3.0,2.4,1.4,2.4,3.4,2.4,2.87
483,3.7,3.4,4.0,4.0,3.7,4.0,3.7,4.0,4.0,4.0,3.0,2.7,3.4,4.0,3.0,3.7,4.0,4.0,3.0,2.7,3.4,3.7,4.0,3.4,3.7,4.0,4.0,4.0,4.0,3.7,3.4,4.0,3.0,3.648
484,4.0,4.0,4.0,4.0,4.0,4.0,4.0,4.0,4.0,4.0,4.0,3.0,4.0,4.0,3.7,4.0,4.0,4.0,4.0,3.7,3.7,4.0,4.0,3.7,3.7,4.0,4.0,4.0,3.7,4.0,3.7,4.0,4.0,3.868
485,3.0,3.0,3.7,3.4,3.7,3.7,4.0,1.0,3.4,4.0,4.0,3.0,3.7,4.0,3.0,3.7,4.0,4.0,3.7,3.7,3.4,4.0,4.0,3.4,3.4,3.7,3.7,3.4,3.0,3.0,1.7,3.4,2.0,3.303
486,3.0,3.0,4.0,3.4,2.7,4.0,3.0,3.4,4.0,4.0,4.0,3.0,3.0,3.0,2.0,3.0,3.4,3.0,2.0,1.7,3.0,3.4,4.0,3.4,2.7,3.4,2.7,3.0,2.7,3.0,1.7,3.0,2.0,3.01
487,3.0,2.0,4.0,3.4,2.7,4.0,3.0,2.7,3.4,2.7,4.0,3.4,3.0,2.7,3.4,3.7,3.0,1.4,2.0,2.7,3.0,3.0,3.7,3.7,2.7,3.4,3.0,3.4,3.0,2.0,2.4,3.4,3.0,3.114
488,3.7,2.7,3.7,3.7,3.4,4.0,3.4,3.7,3.7,3.4,2.7,3.0,3.0,3.0,1.7,3.7,4.0,4.0,2.4,2.7,3.0,1.0,4.0,2.7,2.4,3.4,3.0,2.0,3.0,2.0,1.7,3.7,2.7,3.015
489,2.0,2.7,2.4,2.7,3.4,2.4,2.7,3.4,2.7,1.0,1.7,4.0,1.4,1.4,2.7,1.4,2.4,1.0,2.0,3.0,2.0,2.0,2.4,1.4,0.0,1.7,1.0,2.4,0.0,0.0,1.0,1.0,0.0,1.886
490,2.4,1.0,4.0,1.4,2.7,3.7,3.0,4.0,3.4,2.0,2.7,2.7,1.0,1.4,2.4,2.4,3.0,2.0,1.7,2.7,2.7,1.0,3.7,2.4,1.7,2.7,3.0,2.0,1.7,3.0,2.0,2.7,2.0,2.442
491,3.4,1.4,4.0,2.7,3.4,3.0,3.4,3.7,3.7,2.0,3.7,3.0,3.4,3.4,2.7,2.7,3.0,3.4,1.7,3.0,4.0,2.0,3.7,2.7,2.0,3.4,3.4,3.0,2.7,2.0,2.4,3.4,2.7,2.947
492,3.4,2.7,3.7,3.4,3.0,3.4,2.0,3.0,3.7,3.4,3.7,1.7,3.4,4.0,1.7,3.0,3.4,3.4,1.0,1.0,1.7,3.7,2.0,1.4,0.0,2.0,2.0,2.4,1.0,3.4,2.4,2.4,2.4,2.602
493,4.0,3.0,4.0,4.0,4.0,3.4,4.0,3.0,4.0,4.0,3.4,3.0,2.0,1.0,3.4,3.7,4.0,3.4,2.4,2.7,3.7,3.7,4.0,3.4,3.0,3.7,3.4,3.4,3.4,2.4,2.7,4.0,3.0,3.35
494,4.0,4.0,4.0,4.0,4.0,4.0,3.7,4.0,4.0,3.7,4.0,3.7,4.0,4.0,4.0,4.0,4.0,4.0,3.7,3.7,3.0,4.0,4.0,3.7,3.7,4.0,4.0,4.0,4.0,4.0,4.0,3.7,4.0,3.878
495,3.7,4.0,4.0,3.4,4.0,3.7,4.0,2.7,4.0,4.0,3.7,3.0,2.7,3.0,3.4,3.7,4.0,4.0,4.0,3.7,3.7,4.0,4.0,3.0,3.4,4.0,4.0,4.0,3.7,4.0,3.0,3.4,3.4,3.576
496,3.4,3.0,4.0,4.0,3.0,4.0,4.0,4.0,4.0,4.0,3.4,3.0,3.4,3.4,3.7,3.7,3.4,3.0,3.0,3.0,3.4,3.0,3.7,3.7,2.0,3.7,3.0,3.4,3.0,3.0,2.0,3.7,2.7,3.346
497,4.0,3.0,4.0,3.7,4.0,4.0,3.4,3.4,4.0,3.7,4.0,3.4,4.0,4.0,3.7,4.0,3.7,3.7,2.4,2.7,3.4,4.0,4.0,4.0,3.0,3.4,3.4,3.0,3.7,2.7,3.7,4.0,4.0,3.583
498,4.0,4.0,4.0,4.0,4.0,4.0,3.7,4.0,4.0,4.0,4.0,4.0,4.0,4.0,4.0,4.0,4.0,4.0,4.0,4.0,4.0,4.0,4.0,4.0,4.0,4.0,4.0,4.0,4.0,4.0,4.0,4.0,4.0,3.97
499,4.0,4.0,4.0,4.0,4.0,4.0,3.4,4.0,4.0,4.0,4.0,3.7,4.0,4.0,4.0,4.0,4.0,4.0,4.0,4.0,3.4,4.0,4.0,3.7,3.7,4.0,4.0,4.0,4.0,4.0,4.0,4.0,4.0,3.949
500,4.0,3.7,4.0,4.0,4.0,4.0,3.4,4.0,3.7,3.7,3.7,3.4,4.0,4.0,2.7,4.0,4.0,4.0,3.0,2.4,3.0,4.0,3.7,3.0,3.0,3.7,3.7,2.7,3.0,2.0,2.4,4.0,3.0,3.481
501,3.4,3.7,4.0,4.0,4.0,4.0,4.0,3.0,4.0,4.0,4.0,3.7,3.7,3.4,3.4,3.7,4.0,4.0,3.4,3.0,4.0,4.0,4.0,3.7,3.0,3.7,3.7,4.0,4.0,4.0,4.0,4.0,4.0,3.763
502,3.0,2.0,4.0,3.0,2.7,3.4,4.0,1.0,3.0,2.0,2.7,3.0,2.0,1.0,3.7,2.7,2.0,1.4,4.0,3.7,3.7,2.7,2.7,3.0,2.4,3.4,2.4,3.4,2.0,2.7,1.4,2.7,1.4,2.782
503,4.0,4.0,4.0,3.7,4.0,4.0,3.7,4.0,4.0,4.0,4.0,3.7,4.0,4.0,3.7,4.0,4.0,4.0,4.0,3.4,4.0,4.0,4.0,3.4,3.4,4.0,4.0,4.0,4.0,4.0,4.0,4.0,4.0,3.863
504,4.0,3.0,4.0,4.0,4.0,4.0,3.7,3.4,3.7,3.4,3.7,4.0,4.0,3.7,4.0,4.0,3.7,4.0,3.0,3.4,4.0,3.0,3.7,4.0,3.0,4.0,3.4,3.7,3.7,3.4,3.7,3.7,3.4,3.711
505,3.7,2.0,4.0,3.4,4.0,3.7,3.0,3.0,3.4,1.7,2.4,3.7,4.0,4.0,3.7,4.0,3.4,4.0,2.7,3.4,3.0,3.0,4.0,3.0,3.0,3.4,3.7,3.4,3.4,2.4,3.7,4.0,4.0,3.443
506,3.4,2.7,4.0,3.7,3.0,4.0,4.0,1.7,3.7,3.7,3.7,1.4,2.4,1.4,2.7,3.7,3.0,1.0,3.7,3.7,3.0,2.7,3.4,3.0,1.7,3.4,2.7,3.0,2.4,3.0,2.7,3.7,3.4,3.107
507,3.7,1.7,4.0,4.0,3.4,3.7,3.7,3.0,3.7,3.0,3.0,3.4,2.4,2.0,3.0,3.7,2.7,2.7,1.7,2.0,3.4,2.4,3.7,3.7,2.0,3.0,3.4,3.4,2.7,2.4,3.0,3.7,3.0,3.116
508,3.7,1.0,4.0,3.4,3.4,4.0,3.0,3.0,3.4,3.4,2.7,2.7,2.7,2.7,3.0,3.7,2.7,2.4,2.0,2.4,2.7,2.0,3.7,2.7,2.4,3.7,4.0,3.0,2.4,2.0,2.7,3.4,3.4,3.056
509,2.0,4.0,4.0,1.7,1.4,2.4,2.7,2.0,1.7,1.4,1.7,3.7,2.0,2.4,3.4,2.4,2.7,1.0,2.7,3.0,2.7,2.7,1.7,1.4,1.0,1.4,2.0,1.7,1.7,0.0,1.0,1.4,1.4,1.992
510,3.4,1.7,4.0,3.0,4.0,3.0,3.4,1.0,3.4,3.4,3.7,3.4,2.4,3.0,3.4,3.4,3.7,3.0,3.4,2.0,3.4,4.0,4.0,3.0,2.4,3.4,3.0,3.7,3.4,2.4,3.4,4.0,3.4,3.24
511,2.7,1.0,3.7,3.0,2.0,2.7,2.7,3.7,2.0,2.4,3.7,3.4,3.0,2.0,3.0,1.7,3.0,1.0,3.0,3.4,2.4,3.0,1.7,3.0,1.0,2.7,1.7,2.4,1.0,0.0,1.7,3.0,2.0,2.484
512,2.0,1.0,3.4,2.7,2.7,3.0,4.0,1.0,2.4,1.7,1.4,3.4,1.0,2.0,1.4,2.0,1.7,1.7,2.7,1.4,3.4,1.4,3.7,3.0,1.0,2.7,3.0,2.4,1.4,1.0,1.7,1.4,2.0,2.288
513,2.7,2.4,4.0,2.7,2.7,2.0,3.7,3.7,3.0,1.0,2.0,2.0,4.0,3.7,2.4,3.7,4.0,2.7,1.4,2.4,3.0,4.0,3.4,1.7,1.4,2.7,1.7,1.0,2.0,1.4,1.7,3.4,2.0,2.489
514,3.0,1.0,3.4,3.7,2.7,3.4,3.0,1.0,3.4,1.0,1.0,3.0,1.4,1.7,3.7,3.4,2.4,2.7,2.0,2.7,3.7,2.0,4.0,3.4,3.0,3.7,3.7,3.0,4.0,2.7,3.0,4.0,3.0,3.027
515,2.7,1.7,4.0,2.4,2.4,3.4,3.4,1.0,3.7,1.7,1.7,2.4,1.0,1.4,3.0,3.7,2.0,1.7,1.7,2.4,3.4,2.4,3.4,3.4,2.7,3.4,3.7,2.7,2.4,1.4,2.7,3.7,3.0,2.776
516,3.0,1.0,3.7,1.0,3.4,1.4,3.4,1.7,1.7,2.0,2.4,3.0,2.0,1.7,1.7,3.0,1.7,2.4,1.7,1.7,3.4,2.4,3.4,2.7,1.0,2.0,2.4,1.7,0.0,1.0,0.0,1.4,0.0,1.953
517,3.4,1.7,4.0,3.7,4.0,4.0,4.0,3.4,4.0,3.4,2.7,3.4,2.7,2.4,3.0,3.4,3.0,3.4,2.0,3.0,3.4,3.0,4.0,3.4,2.7,3.7,3.7,3.4,3.7,3.0,2.7,4.0,2.0,3.272
518,3.4,1.0,4.0,3.7,3.4,4.0,3.0,1.4,3.4,2.7,3.4,3.4,2.4,3.0,3.4,3.4,2.4,2.7,2.4,2.4,3.0,2.7,3.4,3.4,1.7,3.4,3.0,3.0,2.7,1.0,2.0,3.7,3.0,2.951
519,3.7,2.7,3.7,3.4,4.0,3.4,3.7,2.0,3.4,3.0,4.0,3.4,2.4,2.0,3.0,3.4,2.7,3.7,2.4,2.0,3.0,3.0,4.0,2.7,2.0,3.0,3.4,3.0,2.7,1.7,3.0,2.7,2.4,2.982
520,4.0,1.4,4.0,3.7,2.7,3.7,3.0,3.0,4.0,3.7,3.0,3.0,2.0,2.7,3.0,3.0,2.0,3.4,1.7,2.7,3.0,2.0,3.4,3.4,2.0,3.4,3.4,2.7,3.0,1.7,2.4,4.0,2.0,2.96
521,1.7,1.4,2.7,2.0,2.7,2.0,3.0,1.7,3.4,2.4,1.7,2.7,1.4,0.0,1.0,2.0,1.0,1.0,1.0,1.4,3.0,3.4,1.4,2.4,0.0,2.0,1.7,2.0,1.4,0.0,3.4,1.0,1.7,1.863
522,2.0,3.7,3.0,3.7,2.4,3.0,2.4,1.4,2.4,2.7,2.0,3.0,2.0,1.4,2.0,1.7,3.4,1.0,2.0,2.0,2.7,3.0,1.4,2.0,0.0,2.0,1.7,1.4,1.0,0.0,1.0,0.0,0.0,1.806
523,2.7,1.0,4.0,3.7,2.7,4.0,3.0,1.0,3.4,2.0,1.0,2.4,1.0,1.7,2.4,3.0,1.0,2.4,1.4,2.0,3.0,1.0,2.7,2.4,1.0,3.0,2.0,1.7,1.4,1.7,3.4,3.0,2.7,2.328
524,2.7,3.7,4.0,4.0,2.4,3.4,4.0,3.7,3.0,1.7,1.7,3.0,2.7,1.4,2.0,3.0,2.7,2.7,1.0,2.7,3.0,1.7,3.7,3.0,3.4,3.0,2.7,2.0,1.0,0.0,1.4,2.7,2.4,2.576
525,2.0,3.7,4.0,2.4,2.0,2.7,2.4,4.0,2.7,4.0,1.4,2.4,2.4,3.0,4.0,2.7,3.7,2.4,4.0,4.0,3.0,3.7,3.0,2.0,2.7,3.0,3.7,2.0,3.0,1.4,2.7,3.7,2.7,2.941
526,3.0,2.0,3.7,2.0,2.7,3.4,2.7,1.0,2.7,2.4,2.7,2.0,3.7,2.4,1.7,2.7,3.0,1.0,3.7,2.0,3.4,3.0,2.7,2.7,2.0,3.0,3.4,2.4,1.4,2.4,3.0,3.4,2.7,2.659
527,1.7,1.0,3.0,3.4,1.7,2.7,2.4,3.0,2.4,3.4,3.7,3.0,1.0,2.0,3.0,1.0,1.4,1.0,2.4,1.4,2.0,2.4,3.4,1.4,2.0,2.7,1.0,2.7,1.4,0.0,1.0,1.0,1.0,1.957
528,4.0,3.4,4.0,4.0,3.7,4.0,4.0,4.0,4.0,4.0,4.0,2.4,4.0,3.7,3.7,4.0,4.0,4.0,3.0,3.4,3.7,4.0,4.0,3.4,3.4,4.0,4.0,3.4,4.0,3.4,3.0,4.0,3.4,3.734
529,4.0,4.0,4.0,4.0,4.0,4.0,3.4,4.0,4.0,4.0,4.0,3.0,3.0,3.7,4.0,4.0,4.0,4.0,4.0,3.0,3.7,4.0,4.0,3.7,4.0,4.0,4.0,4.0,4.0,4.0,3.7,4.0,4.0,3.876
530,4.0,4.0,4.0,3.7,3.7,4.0,3.7,4.0,4.0,3.4,4.0,3.7,4.0,4.0,4.0,4.0,4.0,4.0,4.0,4.0,3.7,4.0,4.0,4.0,3.7,4.0,4.0,4.0,4.0,4.0,4.0,4.0,4.0,3.942
531,4.0,2.4,4.0,3.7,3.4,4.0,4.0,4.0,4.0,4.0,3.4,3.0,3.4,4.0,3.7,3.7,3.7,3.7,3.7,2.7,4.0,3.7,4.0,3.0,3.4,4.0,3.0,3.4,3.4,3.0,3.4,4.0,3.4,3.566
532,3.4,2.0,4.0,3.0,3.7,4.0,3.4,1.4,3.4,2.7,3.4,3.4,1.7,3.0,3.4,4.0,3.0,3.0,3.4,3.0,3.0,3.7,4.0,3.0,3.0,3.0,3.4,3.4,2.4,2.0,2.4,3.0,2.7,3.068
533,3.7,3.4,4.0,3.7,4.0,4.0,4.0,4.0,4.0,4.0,4.0,3.4,3.7,3.0,3.7,4.0,4.0,3.7,4.0,3.4,3.7,4.0,4.0,3.7,3.4,4.0,4.0,3.4,3.7,3.7,3.0,4.0,3.0,3.679
534,2.7,2.7,4.0,4.0,3.7,4.0,3.7,3.0,3.4,3.4,3.0,3.7,2.4,3.0,3.4,4.0,3.7,3.7,2.4,3.4,3.7,3.4,4.0,3.4,3.0,3.4,3.4,3.4,3.0,2.0,3.4,3.7,3.4,3.369
535,3.7,2.7,4.0,3.7,3.7,4.0,3.7,2.7,3.0,3.4,3.0,3.0,3.0,3.4,2.7,3.7,3.4,3.7,3.0,3.4,3.7,4.0,3.0,3.4,3.0,3.7,3.4,3.7,3.4,2.7,3.0,3.7,2.4,3.365
536,4.0,2.4,4.0,2.7,3.7,4.0,2.0,3.4,3.4,3.4,3.0,3.4,3.0,3.7,3.7,4.0,3.7,3.7,3.0,3.4,3.4,4.0,4.0,3.0,3.0,3.7,4.0,3.4,3.4,2.7,3.4,4.0,3.4,3.504
537,4.0,2.0,4.0,3.7,4.0,4.0,3.0,3.7,3.4,2.4,2.4,3.4,4.0,4.0,3.4,3.7,3.4,3.7,2.0,3.4,3.4,2.4,3.7,3.0,2.7,3.4,4.0,3.7,2.7,2.7,3.4,4.0,3.4,3.386
538,3.7,2.0,4.0,3.7,4.0,3.4,3.7,2.7,4.0,3.4,3.7,3.4,3.0,3.7,3.7,3.7,3.4,3.7,2.7,3.0,4.0,3.7,4.0,3.7,3.0,3.7,3.7,3.4,3.4,1.7,3.7,4.0,3.7,3.499
539,4.0,2.4,4.0,3.4,3.4,3.7,3.4,3.0,3.4,3.4,3.7,3.4,3.0,3.4,3.4,3.7,3.4,3.4,2.0,2.7,3.0,3.4,4.0,3.0,3.4,4.0,3.4,3.4,3.7,3.4,3.7,4.0,4.0,3.452
540,4.0,3.4,4.0,3.4,4.0,4.0,3.4,2.0,3.7,3.0,3.4,3.0,3.0,4.0,4.0,4.0,3.7,4.0,4.0,3.4,3.4,4.0,4.0,3.7,4.0,4.0,4.0,4.0,4.0,4.0,3.7,4.0,4.0,3.765
541,3.7,3.4,4.0,4.0,4.0,4.0,4.0,3.0,4.0,4.0,3.7,3.0,3.0,3.7,4.0,4.0,4.0,3.4,3.7,3.0,3.4,3.7,4.0,4.0,3.4,3.7,4.0,3.4,4.0,3.0,3.7,4.0,4.0,3.696
542,4.0,3.7,4.0,3.7,4.0,4.0,3.7,3.0,4.0,4.0,3.7,3.7,2.7,4.0,4.0,4.0,4.0,4.0,4.0,3.0,4.0,4.0,4.0,3.7,3.4,4.0,4.0,3.7,4.0,3.4,3.7,3.7,3.7,3.816
543,4.0,3.0,4.0,3.7,3.7,4.0,3.4,3.4,3.4,2.7,4.0,3.4,3.0,3.4,4.0,4.0,3.7,4.0,2.7,3.4,3.0,4.0,4.0,3.4,3.4,4.0,4.0,3.4,3.7,3.4,3.7,0.0,0.0,3.607
544,3.7,1.7,4.0,4.0,3.0,3.0,3.7,4.0,3.7,2.0,2.7,3.4,1.7,2.0,3.0,3.4,2.4,2.0,2.0,2.4,3.4,1.7,4.0,3.4,2.4,3.4,3.4,3.7,3.4,3.0,3.0,3.4,3.0,3.029
545,3.0,3.0,4.0,4.0,3.7,3.7,3.7,1.0,3.7,2.7,3.0,3.4,2.0,2.0,3.4,3.7,3.0,2.0,2.4,2.4,3.4,2.4,3.7,3.4,2.7,3.4,4.0,3.0,3.4,3.0,2.7,3.0,3.0,3.068
546,3.0,1.0,4.0,3.4,3.4,3.7,2.7,1.0,3.0,2.0,1.0,3.0,2.0,2.0,3.7,3.7,3.0,3.0,2.4,2.4,3.4,2.7,3.7,3.4,3.0,3.7,4.0,3.0,2.7,2.0,3.4,3.4,3.4,3.019
547,2.7,2.4,3.7,3.4,1.7,3.0,2.4,1.0,2.7,1.7,1.4,3.0,2.4,1.0,1.7,3.0,1.0,1.0,3.0,1.0,3.0,1.7,1.4,3.0,1.4,2.0,1.7,1.7,1.4,2.7,1.4,2.0,2.7,2.146
548,4.0,4.0,4.0,4.0,2.4,4.0,3.4,2.0,3.4,3.4,2.4,3.4,4.0,2.7,3.4,3.7,2.7,2.4,2.4,2.0,3.7,3.0,3.4,3.7,2.7,3.7,4.0,3.4,2.7,2.0,3.0,3.0,3.0,3.182
549,3.7,2.0,4.0,4.0,3.0,3.0,2.7,1.7,2.7,2.0,2.7,1.7,4.0,3.0,3.0,3.4,2.0,2.7,1.7,2.0,3.4,4.0,2.0,3.0,2.4,3.0,3.4,2.7,3.0,1.0,2.4,3.4,2.7,2.86
550,2.7,3.0,4.0,2.0,4.0,3.7,1.4,3.7,1.0,1.0,4.0,2.7,3.0,4.0,4.0,2.4,3.0,3.4,2.4,2.7,1.0,2.7,2.0,0.0,2.0,1.0,1.7,1.4,1.7,3.4,0.0,4.0,2.0,2.359
551,4.0,2.7,4.0,3.4,4.0,4.0,3.4,3.4,4.0,3.7,3.7,3.4,3.7,3.0,3.4,3.0,3.7,3.7,3.7,3.0,2.7,4.0,4.0,3.0,2.4,3.0,3.0,3.0,2.0,3.0,2.0,3.4,2.7,3.218
552,2.7,2.0,4.0,3.4,1.7,4.0,3.0,2.0,3.0,3.0,1.7,3.0,3.0,3.4,2.0,3.0,1.7,2.4,1.0,2.0,3.4,2.4,3.4,2.0,4.0,3.0,3.0,1.7,1.0,3.4,1.0,2.4,2.0,2.406
553,4.0,3.0,4.0,2.4,4.0,4.0,3.7,4.0,2.7,3.4,3.4,3.0,3.4,3.4,3.7,3.4,3.7,4.0,3.4,3.7,3.4,4.0,4.0,3.4,3.0,3.4,3.0,3.7,3.0,2.4,3.0,3.7,3.4,3.491
554,3.4,1.7,4.0,2.4,3.0,3.7,3.4,2.0,3.4,3.0,3.4,3.0,3.0,3.0,2.4,3.4,3.4,2.4,1.7,2.0,3.4,3.4,4.0,3.0,2.0,2.4,3.0,2.0,2.0,1.4,2.0,3.7,2.4,2.88
555,2.7,2.0,4.0,2.7,1.7,3.0,3.0,2.7,1.7,3.4,1.4,3.0,4.0,2.0,1.4,2.4,1.4,1.0,3.4,2.4,2.4,1.4,2.4,2.0,3.4,1.0,1.7,1.7,0.0,1.0,2.0,1.0,1.7,2.206
556,4.0,3.4,4.0,4.0,4.0,3.4,3.7,3.0,3.7,4.0,3.4,3.0,3.7,2.0,4.0,4.0,4.0,4.0,3.7,3.7,3.7,4.0,4.0,3.7,3.4,3.0,3.4,3.0,4.0,3.0,2.7,4.0,3.7,3.624
557,3.4,2.4,3.0,3.7,2.7,3.4,3.4,2.0,3.0,4.0,2.0,3.0,3.7,0.0,3.0,2.0,2.7,1.7,1.4,1.7,3.7,2.4,1.4,2.7,2.0,3.0,2.0,2.7,1.7,0.0,2.7,1.7,2.0,2.429
558,3.7,2.7,4.0,4.0,3.7,4.0,3.4,3.7,3.4,4.0,2.7,3.0,2.4,3.4,2.7,3.7,3.7,3.4,2.7,3.7,3.0,3.7,4.0,3.4,2.4,3.4,3.4,3.0,2.4,3.0,2.7,3.4,3.4,3.172
559,3.7,2.4,4.0,3.0,3.0,3.7,2.4,1.0,3.0,3.7,3.7,3.4,2.7,3.0,3.4,3.4,3.4,3.7,2.0,2.7,3.4,4.0,3.4,3.7,2.7,3.0,3.0,3.4,3.0,3.4,2.7,3.4,2.7,3.226
560,3.4,1.7,4.0,1.4,2.4,3.7,1.7,2.4,2.4,3.0,2.0,3.0,3.0,3.7,2.4,3.0,2.7,3.4,4.0,3.0,1.0,2.4,2.7,0.0,2.0,2.0,2.7,1.7,1.0,3.4,1.0,3.4,2.0,2.37
561,2.7,3.0,3.7,3.4,2.7,3.4,3.7,4.0,3.0,3.0,2.0,3.4,2.7,3.4,2.7,3.7,2.4,3.0,4.0,4.0,3.0,2.7,4.0,3.4,2.4,2.7,2.0,2.0,2.0,1.0,1.0,3.4,2.7,2.828
562,3.0,3.0,4.0,2.0,3.0,3.4,3.0,1.7,3.4,3.4,2.7,2.4,1.7,2.4,3.0,2.4,2.4,2.7,2.0,2.0,2.4,3.0,4.0,2.7,2.4,2.7,3.0,3.0,2.4,2.0,2.7,3.7,3.0,2.821
563,3.7,3.0,4.0,1.4,3.4,3.7,2.0,4.0,2.4,2.0,3.0,3.0,3.4,3.0,2.0,3.0,3.0,4.0,1.7,2.0,2.0,2.4,4.0,3.0,2.4,2.0,3.4,3.0,1.7,2.7,1.7,3.4,2.0,2.612
564,3.7,1.0,4.0,2.0,3.4,3.4,2.0,3.7,2.7,1.0,3.4,3.0,1.7,3.0,2.0,3.4,2.7,2.4,3.4,3.7,2.0,3.4,2.4,2.7,2.4,3.0,2.7,2.4,2.0,1.0,1.7,3.0,2.4,2.607
565,0.0,0.0,1.0,1.7,0.0,1.4,1.0,0.0,0.0,0.0,0.0,0.0,0.0,0.0,0.0,0.0,0.0,0.0,0.0,0.0,0.0,0.0,0.0,0.0,0.0,0.0,0.0,0.0,0.0,0.0,0.0,0.0,0.0,0.8
566,3.0,4.0,4.0,3.7,4.0,4.0,3.7,3.7,4.0,3.4,4.0,4.0,4.0,4.0,4.0,4.0,4.0,4.0,4.0,4.0,3.0,3.7,4.0,3.0,3.7,3.7,4.0,4.0,4.0,4.0,3.4,3.7,3.7,3.798
567,4.0,4.0,4.0,4.0,4.0,4.0,4.0,3.7,4.0,4.0,4.0,3.4,2.4,3.7,3.0,4.0,4.0,4.0,4.0,4.0,4.0,3.0,4.0,4.0,4.0,4.0,4.0,4.0,4.0,4.0,3.7,3.4,3.4,3.772
568,3.0,4.0,3.7,3.4,4.0,4.0,4.0,4.0,4.0,3.0,4.0,2.7,3.0,3.4,3.0,3.7,4.0,3.4,3.0,4.0,3.4,3.0,4.0,3.0,2.7,3.4,3.4,4.0,3.0,2.4,3.4,3.7,3.0,3.47
569,4.0,3.4,1.0,4.0,1.0,1.4,2.7,1.7,2.7,1.7,4.0,2.4,1.0,1.0,3.0,2.7,3.0,2.7,2.0,2.7,1.4,1.4,2.4,1.0,2.0,2.0,2.4,1.7,1.0,2.7,3.4,1.0,3.0,2.193
570,2.0,1.0,1.0,2.0,2.0,1.4,3.0,2.4,2.0,1.4,2.7,2.4,1.7,3.4,1.4,3.4,1.7,3.0,1.4,1.7,2.0,1.4,2.0,1.0,0.0,1.0,1.0,2.0,0.0,1.7,1.4,2.4,2.0,1.753
